case:concept:name,concept:name,time:timestamp
1,Login,2025-04-01 12:53:00
1,View_Content,2025-04-01 12:56:00
1,Attempt_Quiz,2025-04-01 12:57:00
1,Submit_Quiz,2025-04-01 13:03:00
1,Logout,2025-04-01 13:04:00
2,Login,2025-04-01 16:28:00
2,View_Content,2025-04-01 16:35:00
2,Attempt_Quiz,2025-04-01 16:37:00
2,Submit_Quiz,2025-04-01 16:49:00
2,Logout,2025-04-01 16:50:00
3,Login,2025-04-01 17:22:00
3,View_Content,2025-04-01 17:27:00
3,Attempt_Quiz,2025-04-01 17:28:00
3,Submit_Quiz,2025-04-01 17:31:00
3,Logout,2025-04-01 17:32:00
4,Login,2025-04-01 10:57:00
4,View_Content,2025-04-01 11:02:00
4,Attempt_Quiz,2025-04-01 11:06:00
4,Submit_Quiz,2025-04-01 11:15:00
4,Logout,2025-04-01 11:19:00
5,Login,2025-04-01 11:49:00
5,View_Content,2025-04-01 11:51:00
5,Attempt_Quiz,2025-04-01 11:53:00
5,Submit_Quiz,2025-04-01 12:02:00
5,Logout,2025-04-01 12:03:00
6,Login,2025-04-01 16:16:00
6,Attempt_Quiz,2025-04-01 16:17:00
6,Submit_Quiz,2025-04-01 16:30:00
6,Logout,2025-04-01 16:33:00
7,Login,2025-04-01 16:04:00
7,View_Content,2025-04-01 16:13:00
7,Attempt_Quiz,2025-04-01 16:16:00
7,Logout,2025-04-01 16:19:00
8,Login,2025-04-01 14:29:00
8,View_Content,2025-04-01 14:34:00
8,Attempt_Quiz,2025-04-01 14:37:00
8,Submit_Quiz,2025-04-01 14:51:00
8,Logout,2025-04-01 14:55:00
9,Login,2025-04-01 17:46:00
9,View_Content,2025-04-01 17:50:00
9,Attempt_Quiz,2025-04-01 17:54:00
9,Submit_Quiz,2025-04-01 18:08:00
9,Logout,2025-04-01 18:12:00
10,Login,2025-04-01 11:41:00
10,View_Content,2025-04-01 11:48:00
10,Attempt_Quiz,2025-04-01 11:52:00
10,Logout,2025-04-01 11:55:00
11,Login,2025-04-01 15:51:00
11,View_Content,2025-04-01 15:54:00
11,Attempt_Quiz,2025-04-01 15:55:00
11,Submit_Quiz,2025-04-01 16:02:00
11,Logout,2025-04-01 16:06:00
12,Login,2025-04-01 14:46:00
12,Attempt_Quiz,2025-04-01 14:47:00
12,Submit_Quiz,2025-04-01 14:51:00
12,Logout,2025-04-01 14:53:00
13,Login,2025-04-01 11:36:00
13,View_Content,2025-04-01 11:40:00
13,Attempt_Quiz,2025-04-01 11:43:00
13,Submit_Quiz,2025-04-01 11:46:00
13,Logout,2025-04-01 11:47:00
14,Login,2025-04-01 12:35:00
14,View_Content,2025-04-01 12:41:00
14,Attempt_Quiz,2025-04-01 12:45:00
14,Submit_Quiz,2025-04-01 12:58:00
14,Logout,2025-04-01 12:59:00
15,Login,2025-04-01 11:25:00
15,Attempt_Quiz,2025-04-01 11:27:00
15,Submit_Quiz,2025-04-01 11:41:00
15,Logout,2025-04-01 11:45:00
16,Login,2025-04-01 13:44:00
16,Attempt_Quiz,2025-04-01 13:47:00
16,Submit_Quiz,2025-04-01 13:49:00
16,Logout,2025-04-01 13:52:00
17,Login,2025-04-01 12:55:00
17,View_Content,2025-04-01 13:00:00
17,Attempt_Quiz,2025-04-01 13:01:00
17,Submit_Quiz,2025-04-01 13:03:00
17,Logout,2025-04-01 13:07:00
18,Login,2025-04-01 10:19:00
18,View_Content,2025-04-01 10:28:00
18,Logout,2025-04-01 10:32:00
19,Login,2025-04-01 17:26:00
19,View_Content,2025-04-01 17:29:00
19,Attempt_Quiz,2025-04-01 17:30:00
19,Submit_Quiz,2025-04-01 17:39:00
19,Logout,2025-04-01 17:40:00
20,Login,2025-04-01 16:03:00
20,View_Content,2025-04-01 16:12:00
20,Attempt_Quiz,2025-04-01 16:16:00
20,Submit_Quiz,2025-04-01 16:18:00
20,Logout,2025-04-01 16:21:00
21,Login,2025-04-01 15:24:00
21,View_Content,2025-04-01 15:28:00
21,Attempt_Quiz,2025-04-01 15:29:00
21,Logout,2025-04-01 15:32:00
22,Login,2025-04-01 15:49:00
22,View_Content,2025-04-01 15:52:00
22,Attempt_Quiz,2025-04-01 15:53:00
22,Submit_Quiz,2025-04-01 16:02:00
22,Logout,2025-04-01 16:03:00
23,Login,2025-04-01 17:58:00
23,View_Content,2025-04-01 18:03:00
23,Attempt_Quiz,2025-04-01 18:04:00
23,Logout,2025-04-01 18:08:00
24,Login,2025-04-01 12:48:00
24,View_Content,2025-04-01 12:50:00
24,Attempt_Quiz,2025-04-01 12:54:00
24,Submit_Quiz,2025-04-01 13:02:00
24,Logout,2025-04-01 13:06:00
25,Login,2025-04-01 17:25:00
25,View_Content,2025-04-01 17:34:00
25,Logout,2025-04-01 17:36:00
26,Login,2025-04-01 11:56:00
26,View_Content,2025-04-01 12:02:00
26,Attempt_Quiz,2025-04-01 12:05:00
26,Logout,2025-04-01 12:08:00
27,Login,2025-04-01 12:31:00
27,View_Content,2025-04-01 12:33:00
27,Attempt_Quiz,2025-04-01 12:34:00
27,Submit_Quiz,2025-04-01 12:39:00
27,Logout,2025-04-01 12:41:00
28,Login,2025-04-01 08:18:00
28,View_Content,2025-04-01 08:19:00
28,Attempt_Quiz,2025-04-01 08:21:00
28,Submit_Quiz,2025-04-01 08:34:00
28,Logout,2025-04-01 08:38:00
29,Login,2025-04-01 12:50:00
29,View_Content,2025-04-01 12:56:00
29,Attempt_Quiz,2025-04-01 12:57:00
29,Submit_Quiz,2025-04-01 12:59:00
29,Logout,2025-04-01 13:00:00
30,Login,2025-04-01 10:15:00
30,View_Content,2025-04-01 10:19:00
30,Logout,2025-04-01 10:21:00
31,Login,2025-04-01 11:23:00
31,View_Content,2025-04-01 11:27:00
31,Logout,2025-04-01 11:28:00
32,Login,2025-04-01 12:39:00
32,View_Content,2025-04-01 12:48:00
32,Attempt_Quiz,2025-04-01 12:50:00
32,Submit_Quiz,2025-04-01 12:54:00
32,Logout,2025-04-01 12:57:00
33,Login,2025-04-01 16:50:00
33,View_Content,2025-04-01 16:56:00
33,Attempt_Quiz,2025-04-01 16:58:00
33,Submit_Quiz,2025-04-01 17:03:00
33,Logout,2025-04-01 17:06:00
34,Login,2025-04-01 16:31:00
34,View_Content,2025-04-01 16:38:00
34,Attempt_Quiz,2025-04-01 16:39:00
34,Submit_Quiz,2025-04-01 16:49:00
34,Logout,2025-04-01 16:53:00
35,Login,2025-04-01 09:31:00
35,View_Content,2025-04-01 09:39:00
35,Attempt_Quiz,2025-04-01 09:41:00
35,Submit_Quiz,2025-04-01 09:53:00
35,Logout,2025-04-01 09:56:00
36,Login,2025-04-01 13:34:00
36,View_Content,2025-04-01 13:35:00
36,Attempt_Quiz,2025-04-01 13:37:00
36,Submit_Quiz,2025-04-01 13:47:00
36,Logout,2025-04-01 13:49:00
37,Login,2025-04-01 17:12:00
37,View_Content,2025-04-01 17:14:00
37,Attempt_Quiz,2025-04-01 17:18:00
37,Submit_Quiz,2025-04-01 17:27:00
37,Logout,2025-04-01 17:29:00
38,Login,2025-04-01 08:23:00
38,Attempt_Quiz,2025-04-01 08:27:00
38,Submit_Quiz,2025-04-01 08:33:00
38,Logout,2025-04-01 08:37:00
39,Login,2025-04-01 14:33:00
39,View_Content,2025-04-01 14:38:00
39,Attempt_Quiz,2025-04-01 14:40:00
39,Submit_Quiz,2025-04-01 14:54:00
39,Logout,2025-04-01 14:57:00
40,Login,2025-04-01 08:34:00
40,Attempt_Quiz,2025-04-01 08:37:00
40,Submit_Quiz,2025-04-01 08:50:00
40,Logout,2025-04-01 08:54:00
41,Login,2025-04-01 14:51:00
41,View_Content,2025-04-01 14:54:00
41,Attempt_Quiz,2025-04-01 14:58:00
41,Submit_Quiz,2025-04-01 15:11:00
41,Logout,2025-04-01 15:15:00
42,Login,2025-04-01 13:19:00
42,View_Content,2025-04-01 13:21:00
42,Attempt_Quiz,2025-04-01 13:23:00
42,Submit_Quiz,2025-04-01 13:33:00
42,Logout,2025-04-01 13:35:00
43,Login,2025-04-01 17:49:00
43,View_Content,2025-04-01 17:54:00
43,Attempt_Quiz,2025-04-01 17:58:00
43,Submit_Quiz,2025-04-01 18:00:00
43,Logout,2025-04-01 18:02:00
44,Login,2025-04-01 08:48:00
44,Attempt_Quiz,2025-04-01 08:52:00
44,Logout,2025-04-01 08:53:00
45,Login,2025-04-01 08:40:00
45,View_Content,2025-04-01 08:43:00
45,Attempt_Quiz,2025-04-01 08:46:00
45,Logout,2025-04-01 08:50:00
46,Login,2025-04-01 08:32:00
46,View_Content,2025-04-01 08:34:00
46,Attempt_Quiz,2025-04-01 08:38:00
46,Submit_Quiz,2025-04-01 08:43:00
46,Logout,2025-04-01 08:47:00
47,Login,2025-04-01 16:25:00
47,View_Content,2025-04-01 16:32:00
47,Attempt_Quiz,2025-04-01 16:33:00
47,Logout,2025-04-01 16:36:00
48,Login,2025-04-01 14:53:00
48,View_Content,2025-04-01 14:57:00
48,Logout,2025-04-01 15:01:00
49,Login,2025-04-01 17:40:00
49,View_Content,2025-04-01 17:45:00
49,Attempt_Quiz,2025-04-01 17:49:00
49,Submit_Quiz,2025-04-01 17:55:00
49,Logout,2025-04-01 17:56:00
50,Login,2025-04-01 15:29:00
50,View_Content,2025-04-01 15:32:00
50,Attempt_Quiz,2025-04-01 15:33:00
50,Submit_Quiz,2025-04-01 15:42:00
50,Logout,2025-04-01 15:44:00
51,Login,2025-04-01 14:22:00
51,View_Content,2025-04-01 14:26:00
51,Attempt_Quiz,2025-04-01 14:28:00
51,Submit_Quiz,2025-04-01 14:40:00
51,Logout,2025-04-01 14:41:00
52,Login,2025-04-01 09:21:00
52,View_Content,2025-04-01 09:24:00
52,Attempt_Quiz,2025-04-01 09:26:00
52,Submit_Quiz,2025-04-01 09:28:00
52,Logout,2025-04-01 09:30:00
53,Login,2025-04-01 10:42:00
53,View_Content,2025-04-01 10:44:00
53,Attempt_Quiz,2025-04-01 10:48:00
53,Submit_Quiz,2025-04-01 11:00:00
53,Logout,2025-04-01 11:01:00
54,Login,2025-04-01 10:09:00
54,View_Content,2025-04-01 10:14:00
54,Attempt_Quiz,2025-04-01 10:15:00
54,Logout,2025-04-01 10:18:00
55,Login,2025-04-01 16:26:00
55,View_Content,2025-04-01 16:33:00
55,Attempt_Quiz,2025-04-01 16:35:00
55,Submit_Quiz,2025-04-01 16:37:00
55,Logout,2025-04-01 16:38:00
56,Login,2025-04-01 12:14:00
56,View_Content,2025-04-01 12:21:00
56,Attempt_Quiz,2025-04-01 12:25:00
56,Submit_Quiz,2025-04-01 12:32:00
56,Logout,2025-04-01 12:36:00
57,Login,2025-04-01 09:28:00
57,View_Content,2025-04-01 09:32:00
57,Attempt_Quiz,2025-04-01 09:36:00
57,Submit_Quiz,2025-04-01 09:46:00
57,Logout,2025-04-01 09:47:00
58,Login,2025-04-01 14:53:00
58,View_Content,2025-04-01 14:58:00
58,Attempt_Quiz,2025-04-01 15:01:00
58,Submit_Quiz,2025-04-01 15:06:00
58,Logout,2025-04-01 15:07:00
59,Login,2025-04-01 11:23:00
59,View_Content,2025-04-01 11:26:00
59,Attempt_Quiz,2025-04-01 11:28:00
59,Logout,2025-04-01 11:30:00
60,Login,2025-04-01 13:52:00
60,View_Content,2025-04-01 14:01:00
60,Attempt_Quiz,2025-04-01 14:04:00
60,Logout,2025-04-01 14:06:00
61,Login,2025-04-01 13:33:00
61,Attempt_Quiz,2025-04-01 13:35:00
61,Logout,2025-04-01 13:38:00
62,Login,2025-04-01 14:56:00
62,View_Content,2025-04-01 14:57:00
62,Logout,2025-04-01 14:58:00
63,Login,2025-04-01 16:40:00
63,View_Content,2025-04-01 16:47:00
63,Attempt_Quiz,2025-04-01 16:48:00
63,Submit_Quiz,2025-04-01 16:54:00
63,Logout,2025-04-01 16:58:00
64,Login,2025-04-01 12:24:00
64,View_Content,2025-04-01 12:29:00
64,Attempt_Quiz,2025-04-01 12:33:00
64,Submit_Quiz,2025-04-01 12:43:00
64,Logout,2025-04-01 12:47:00
65,Login,2025-04-01 15:49:00
65,View_Content,2025-04-01 15:51:00
65,Attempt_Quiz,2025-04-01 15:54:00
65,Logout,2025-04-01 15:58:00
66,Login,2025-04-01 11:37:00
66,View_Content,2025-04-01 11:42:00
66,Attempt_Quiz,2025-04-01 11:44:00
66,Submit_Quiz,2025-04-01 11:52:00
66,Logout,2025-04-01 11:54:00
67,Login,2025-04-01 11:37:00
67,Attempt_Quiz,2025-04-01 11:38:00
67,Submit_Quiz,2025-04-01 11:43:00
67,Logout,2025-04-01 11:44:00
68,Login,2025-04-01 17:08:00
68,View_Content,2025-04-01 17:16:00
68,Attempt_Quiz,2025-04-01 17:20:00
68,Submit_Quiz,2025-04-01 17:28:00
68,Logout,2025-04-01 17:30:00
69,Login,2025-04-01 17:36:00
69,View_Content,2025-04-01 17:39:00
69,Attempt_Quiz,2025-04-01 17:40:00
69,Submit_Quiz,2025-04-01 17:51:00
69,Logout,2025-04-01 17:54:00
70,Login,2025-04-01 14:37:00
70,View_Content,2025-04-01 14:40:00
70,Logout,2025-04-01 14:43:00
71,Login,2025-04-01 17:22:00
71,View_Content,2025-04-01 17:23:00
71,Attempt_Quiz,2025-04-01 17:24:00
71,Submit_Quiz,2025-04-01 17:38:00
71,Logout,2025-04-01 17:42:00
72,Login,2025-04-01 09:48:00
72,Attempt_Quiz,2025-04-01 09:49:00
72,Submit_Quiz,2025-04-01 10:03:00
72,Logout,2025-04-01 10:07:00
73,Login,2025-04-01 12:53:00
73,Attempt_Quiz,2025-04-01 12:55:00
73,Submit_Quiz,2025-04-01 13:06:00
73,Logout,2025-04-01 13:09:00
74,Login,2025-04-01 15:48:00
74,View_Content,2025-04-01 15:57:00
74,Attempt_Quiz,2025-04-01 15:58:00
74,Logout,2025-04-01 16:00:00
75,Login,2025-04-01 10:13:00
75,View_Content,2025-04-01 10:21:00
75,Attempt_Quiz,2025-04-01 10:22:00
75,Logout,2025-04-01 10:24:00
76,Login,2025-04-01 12:32:00
76,View_Content,2025-04-01 12:40:00
76,Attempt_Quiz,2025-04-01 12:42:00
76,Submit_Quiz,2025-04-01 12:55:00
76,Logout,2025-04-01 12:57:00
77,Login,2025-04-01 11:01:00
77,View_Content,2025-04-01 11:03:00
77,Attempt_Quiz,2025-04-01 11:06:00
77,Submit_Quiz,2025-04-01 11:08:00
77,Logout,2025-04-01 11:11:00
78,Login,2025-04-01 15:01:00
78,View_Content,2025-04-01 15:10:00
78,Logout,2025-04-01 15:11:00
79,Login,2025-04-01 09:56:00
79,View_Content,2025-04-01 10:04:00
79,Attempt_Quiz,2025-04-01 10:05:00
79,Submit_Quiz,2025-04-01 10:19:00
79,Logout,2025-04-01 10:23:00
80,Login,2025-04-01 15:42:00
80,View_Content,2025-04-01 15:50:00
80,Attempt_Quiz,2025-04-01 15:52:00
80,Submit_Quiz,2025-04-01 16:00:00
80,Logout,2025-04-01 16:01:00
81,Login,2025-04-01 14:26:00
81,View_Content,2025-04-01 14:30:00
81,Logout,2025-04-01 14:33:00
82,Login,2025-04-01 14:33:00
82,View_Content,2025-04-01 14:40:00
82,Attempt_Quiz,2025-04-01 14:42:00
82,Submit_Quiz,2025-04-01 14:51:00
82,Logout,2025-04-01 14:52:00
83,Login,2025-04-01 10:36:00
83,View_Content,2025-04-01 10:45:00
83,Attempt_Quiz,2025-04-01 10:47:00
83,Submit_Quiz,2025-04-01 10:53:00
83,Logout,2025-04-01 10:55:00
84,Login,2025-04-01 10:46:00
84,Attempt_Quiz,2025-04-01 10:47:00
84,Submit_Quiz,2025-04-01 11:00:00
84,Logout,2025-04-01 11:04:00
85,Login,2025-04-01 17:51:00
85,Attempt_Quiz,2025-04-01 17:54:00
85,Logout,2025-04-01 17:57:00
86,Login,2025-04-01 17:54:00
86,View_Content,2025-04-01 18:03:00
86,Attempt_Quiz,2025-04-01 18:05:00
86,Logout,2025-04-01 18:09:00
87,Login,2025-04-01 15:50:00
87,View_Content,2025-04-01 15:59:00
87,Attempt_Quiz,2025-04-01 16:03:00
87,Submit_Quiz,2025-04-01 16:17:00
87,Logout,2025-04-01 16:21:00
88,Login,2025-04-01 09:20:00
88,View_Content,2025-04-01 09:24:00
88,Attempt_Quiz,2025-04-01 09:26:00
88,Logout,2025-04-01 09:29:00
89,Login,2025-04-01 15:59:00
89,View_Content,2025-04-01 16:08:00
89,Attempt_Quiz,2025-04-01 16:09:00
89,Submit_Quiz,2025-04-01 16:12:00
89,Logout,2025-04-01 16:13:00
90,Login,2025-04-01 10:11:00
90,View_Content,2025-04-01 10:18:00
90,Attempt_Quiz,2025-04-01 10:19:00
90,Logout,2025-04-01 10:20:00
91,Login,2025-04-01 11:46:00
91,Attempt_Quiz,2025-04-01 11:50:00
91,Submit_Quiz,2025-04-01 11:56:00
91,Logout,2025-04-01 11:57:00
92,Login,2025-04-01 12:36:00
92,View_Content,2025-04-01 12:44:00
92,Attempt_Quiz,2025-04-01 12:46:00
92,Submit_Quiz,2025-04-01 12:53:00
92,Logout,2025-04-01 12:55:00
93,Login,2025-04-01 12:23:00
93,Attempt_Quiz,2025-04-01 12:25:00
93,Submit_Quiz,2025-04-01 12:36:00
93,Logout,2025-04-01 12:37:00
94,Login,2025-04-01 10:22:00
94,View_Content,2025-04-01 10:30:00
94,Logout,2025-04-01 10:34:00
95,Login,2025-04-01 14:17:00
95,View_Content,2025-04-01 14:19:00
95,Attempt_Quiz,2025-04-01 14:23:00
95,Submit_Quiz,2025-04-01 14:29:00
95,Logout,2025-04-01 14:30:00
96,Login,2025-04-01 10:55:00
96,View_Content,2025-04-01 10:58:00
96,Logout,2025-04-01 11:00:00
97,Login,2025-04-01 09:28:00
97,View_Content,2025-04-01 09:34:00
97,Attempt_Quiz,2025-04-01 09:38:00
97,Submit_Quiz,2025-04-01 09:41:00
97,Logout,2025-04-01 09:42:00
98,Login,2025-04-01 14:00:00
98,Attempt_Quiz,2025-04-01 14:04:00
98,Submit_Quiz,2025-04-01 14:11:00
98,Logout,2025-04-01 14:12:00
99,Login,2025-04-01 08:20:00
99,View_Content,2025-04-01 08:29:00
99,Attempt_Quiz,2025-04-01 08:31:00
99,Logout,2025-04-01 08:33:00
100,Login,2025-04-01 13:10:00
100,View_Content,2025-04-01 13:11:00
100,Attempt_Quiz,2025-04-01 13:15:00
100,Submit_Quiz,2025-04-01 13:19:00
100,Logout,2025-04-01 13:20:00
101,Login,2025-04-01 17:03:00
101,View_Content,2025-04-01 17:04:00
101,Attempt_Quiz,2025-04-01 17:06:00
101,Submit_Quiz,2025-04-01 17:12:00
101,Logout,2025-04-01 17:13:00
102,Login,2025-04-01 13:19:00
102,View_Content,2025-04-01 13:28:00
102,Attempt_Quiz,2025-04-01 13:30:00
102,Submit_Quiz,2025-04-01 13:39:00
102,Logout,2025-04-01 13:43:00
103,Login,2025-04-01 11:31:00
103,View_Content,2025-04-01 11:35:00
103,Attempt_Quiz,2025-04-01 11:36:00
103,Submit_Quiz,2025-04-01 11:49:00
103,Logout,2025-04-01 11:50:00
104,Login,2025-04-01 14:12:00
104,View_Content,2025-04-01 14:16:00
104,Attempt_Quiz,2025-04-01 14:20:00
104,Logout,2025-04-01 14:21:00
105,Login,2025-04-01 11:06:00
105,View_Content,2025-04-01 11:07:00
105,Attempt_Quiz,2025-04-01 11:11:00
105,Submit_Quiz,2025-04-01 11:13:00
105,Logout,2025-04-01 11:14:00
106,Login,2025-04-01 10:24:00
106,View_Content,2025-04-01 10:27:00
106,Attempt_Quiz,2025-04-01 10:30:00
106,Logout,2025-04-01 10:31:00
107,Login,2025-04-01 17:41:00
107,View_Content,2025-04-01 17:48:00
107,Attempt_Quiz,2025-04-01 17:49:00
107,Submit_Quiz,2025-04-01 17:54:00
107,Logout,2025-04-01 17:58:00
108,Login,2025-04-01 08:33:00
108,View_Content,2025-04-01 08:36:00
108,Attempt_Quiz,2025-04-01 08:38:00
108,Logout,2025-04-01 08:40:00
109,Login,2025-04-01 12:50:00
109,View_Content,2025-04-01 12:52:00
109,Attempt_Quiz,2025-04-01 12:53:00
109,Submit_Quiz,2025-04-01 12:57:00
109,Logout,2025-04-01 12:59:00
110,Login,2025-04-01 15:53:00
110,Attempt_Quiz,2025-04-01 15:55:00
110,Submit_Quiz,2025-04-01 16:09:00
110,Logout,2025-04-01 16:10:00
111,Login,2025-04-01 12:57:00
111,View_Content,2025-04-01 13:02:00
111,Attempt_Quiz,2025-04-01 13:03:00
111,Submit_Quiz,2025-04-01 13:06:00
111,Logout,2025-04-01 13:08:00
112,Login,2025-04-01 08:53:00
112,View_Content,2025-04-01 08:59:00
112,Attempt_Quiz,2025-04-01 09:00:00
112,Submit_Quiz,2025-04-01 09:09:00
112,Logout,2025-04-01 09:13:00
113,Login,2025-04-01 13:15:00
113,View_Content,2025-04-01 13:17:00
113,Attempt_Quiz,2025-04-01 13:18:00
113,Submit_Quiz,2025-04-01 13:28:00
113,Logout,2025-04-01 13:31:00
114,Login,2025-04-01 13:34:00
114,Attempt_Quiz,2025-04-01 13:35:00
114,Logout,2025-04-01 13:36:00
115,Login,2025-04-01 15:14:00
115,View_Content,2025-04-01 15:21:00
115,Attempt_Quiz,2025-04-01 15:24:00
115,Logout,2025-04-01 15:26:00
116,Login,2025-04-01 10:51:00
116,View_Content,2025-04-01 10:55:00
116,Logout,2025-04-01 10:59:00
117,Login,2025-04-01 14:42:00
117,View_Content,2025-04-01 14:48:00
117,Attempt_Quiz,2025-04-01 14:49:00
117,Submit_Quiz,2025-04-01 15:00:00
117,Logout,2025-04-01 15:01:00
118,Login,2025-04-01 13:49:00
118,View_Content,2025-04-01 13:50:00
118,Attempt_Quiz,2025-04-01 13:51:00
118,Submit_Quiz,2025-04-01 14:02:00
118,Logout,2025-04-01 14:03:00
119,Login,2025-04-01 15:35:00
119,View_Content,2025-04-01 15:38:00
119,Attempt_Quiz,2025-04-01 15:40:00
119,Submit_Quiz,2025-04-01 15:54:00
119,Logout,2025-04-01 15:58:00
120,Login,2025-04-01 09:01:00
120,View_Content,2025-04-01 09:09:00
120,Attempt_Quiz,2025-04-01 09:13:00
120,Submit_Quiz,2025-04-01 09:17:00
120,Logout,2025-04-01 09:18:00
121,Login,2025-04-01 12:33:00
121,View_Content,2025-04-01 12:42:00
121,Attempt_Quiz,2025-04-01 12:43:00
121,Logout,2025-04-01 12:45:00
122,Login,2025-04-01 15:03:00
122,View_Content,2025-04-01 15:11:00
122,Attempt_Quiz,2025-04-01 15:13:00
122,Submit_Quiz,2025-04-01 15:27:00
122,Logout,2025-04-01 15:30:00
123,Login,2025-04-01 09:06:00
123,View_Content,2025-04-01 09:08:00
123,Attempt_Quiz,2025-04-01 09:11:00
123,Logout,2025-04-01 09:12:00
124,Login,2025-04-01 11:06:00
124,View_Content,2025-04-01 11:09:00
124,Attempt_Quiz,2025-04-01 11:13:00
124,Submit_Quiz,2025-04-01 11:21:00
124,Logout,2025-04-01 11:25:00
125,Login,2025-04-01 14:20:00
125,View_Content,2025-04-01 14:23:00
125,Attempt_Quiz,2025-04-01 14:26:00
125,Submit_Quiz,2025-04-01 14:36:00
125,Logout,2025-04-01 14:40:00
126,Login,2025-04-01 15:08:00
126,View_Content,2025-04-01 15:16:00
126,Attempt_Quiz,2025-04-01 15:19:00
126,Submit_Quiz,2025-04-01 15:21:00
126,Logout,2025-04-01 15:22:00
127,Login,2025-04-01 08:10:00
127,Attempt_Quiz,2025-04-01 08:11:00
127,Submit_Quiz,2025-04-01 08:13:00
127,Logout,2025-04-01 08:14:00
128,Login,2025-04-01 14:05:00
128,View_Content,2025-04-01 14:06:00
128,Attempt_Quiz,2025-04-01 14:07:00
128,Submit_Quiz,2025-04-01 14:15:00
128,Logout,2025-04-01 14:16:00
129,Login,2025-04-01 16:50:00
129,Attempt_Quiz,2025-04-01 16:52:00
129,Submit_Quiz,2025-04-01 16:55:00
129,Logout,2025-04-01 16:59:00
130,Login,2025-04-01 12:58:00
130,View_Content,2025-04-01 13:06:00
130,Attempt_Quiz,2025-04-01 13:07:00
130,Submit_Quiz,2025-04-01 13:11:00
130,Logout,2025-04-01 13:13:00
131,Login,2025-04-01 11:07:00
131,View_Content,2025-04-01 11:11:00
131,Attempt_Quiz,2025-04-01 11:13:00
131,Submit_Quiz,2025-04-01 11:18:00
131,Logout,2025-04-01 11:20:00
132,Login,2025-04-01 13:47:00
132,View_Content,2025-04-01 13:48:00
132,Attempt_Quiz,2025-04-01 13:52:00
132,Logout,2025-04-01 13:55:00
133,Login,2025-04-01 15:24:00
133,View_Content,2025-04-01 15:26:00
133,Attempt_Quiz,2025-04-01 15:30:00
133,Submit_Quiz,2025-04-01 15:43:00
133,Logout,2025-04-01 15:47:00
134,Login,2025-04-01 15:54:00
134,View_Content,2025-04-01 15:55:00
134,Attempt_Quiz,2025-04-01 15:59:00
134,Submit_Quiz,2025-04-01 16:06:00
134,Logout,2025-04-01 16:09:00
135,Login,2025-04-01 17:04:00
135,Attempt_Quiz,2025-04-01 17:05:00
135,Submit_Quiz,2025-04-01 17:08:00
135,Logout,2025-04-01 17:11:00
136,Login,2025-04-01 08:16:00
136,View_Content,2025-04-01 08:22:00
136,Attempt_Quiz,2025-04-01 08:23:00
136,Submit_Quiz,2025-04-01 08:34:00
136,Logout,2025-04-01 08:36:00
137,Login,2025-04-01 10:14:00
137,View_Content,2025-04-01 10:19:00
137,Attempt_Quiz,2025-04-01 10:23:00
137,Submit_Quiz,2025-04-01 10:27:00
137,Logout,2025-04-01 10:28:00
138,Login,2025-04-01 17:57:00
138,View_Content,2025-04-01 18:04:00
138,Attempt_Quiz,2025-04-01 18:08:00
138,Submit_Quiz,2025-04-01 18:17:00
138,Logout,2025-04-01 18:20:00
139,Login,2025-04-01 15:09:00
139,View_Content,2025-04-01 15:14:00
139,Attempt_Quiz,2025-04-01 15:15:00
139,Submit_Quiz,2025-04-01 15:20:00
139,Logout,2025-04-01 15:23:00
140,Login,2025-04-01 09:01:00
140,View_Content,2025-04-01 09:09:00
140,Attempt_Quiz,2025-04-01 09:12:00
140,Submit_Quiz,2025-04-01 09:24:00
140,Logout,2025-04-01 09:26:00
141,Login,2025-04-01 17:43:00
141,Attempt_Quiz,2025-04-01 17:44:00
141,Submit_Quiz,2025-04-01 17:49:00
141,Logout,2025-04-01 17:52:00
142,Login,2025-04-01 08:17:00
142,View_Content,2025-04-01 08:26:00
142,Attempt_Quiz,2025-04-01 08:30:00
142,Submit_Quiz,2025-04-01 08:44:00
142,Logout,2025-04-01 08:46:00
143,Login,2025-04-01 12:50:00
143,View_Content,2025-04-01 12:54:00
143,Attempt_Quiz,2025-04-01 12:56:00
143,Submit_Quiz,2025-04-01 13:01:00
143,Logout,2025-04-01 13:03:00
144,Login,2025-04-01 12:27:00
144,View_Content,2025-04-01 12:33:00
144,Attempt_Quiz,2025-04-01 12:37:00
144,Submit_Quiz,2025-04-01 12:40:00
144,Logout,2025-04-01 12:43:00
145,Login,2025-04-01 08:30:00
145,Attempt_Quiz,2025-04-01 08:32:00
145,Logout,2025-04-01 08:36:00
146,Login,2025-04-01 16:09:00
146,View_Content,2025-04-01 16:15:00
146,Attempt_Quiz,2025-04-01 16:18:00
146,Submit_Quiz,2025-04-01 16:21:00
146,Logout,2025-04-01 16:22:00
147,Login,2025-04-01 13:56:00
147,View_Content,2025-04-01 14:05:00
147,Logout,2025-04-01 14:07:00
148,Login,2025-04-01 15:42:00
148,View_Content,2025-04-01 15:51:00
148,Attempt_Quiz,2025-04-01 15:55:00
148,Submit_Quiz,2025-04-01 15:59:00
148,Logout,2025-04-01 16:01:00
149,Login,2025-04-01 11:43:00
149,View_Content,2025-04-01 11:47:00
149,Attempt_Quiz,2025-04-01 11:50:00
149,Submit_Quiz,2025-04-01 11:58:00
149,Logout,2025-04-01 12:01:00
150,Login,2025-04-01 14:11:00
150,Attempt_Quiz,2025-04-01 14:12:00
150,Submit_Quiz,2025-04-01 14:23:00
150,Logout,2025-04-01 14:27:00
151,Login,2025-04-01 08:39:00
151,View_Content,2025-04-01 08:40:00
151,Attempt_Quiz,2025-04-01 08:42:00
151,Submit_Quiz,2025-04-01 08:53:00
151,Logout,2025-04-01 08:57:00
152,Login,2025-04-01 13:56:00
152,Attempt_Quiz,2025-04-01 13:59:00
152,Submit_Quiz,2025-04-01 14:08:00
152,Logout,2025-04-01 14:11:00
153,Login,2025-04-01 15:33:00
153,View_Content,2025-04-01 15:35:00
153,Attempt_Quiz,2025-04-01 15:39:00
153,Logout,2025-04-01 15:42:00
154,Login,2025-04-01 15:15:00
154,View_Content,2025-04-01 15:23:00
154,Attempt_Quiz,2025-04-01 15:25:00
154,Logout,2025-04-01 15:27:00
155,Login,2025-04-01 16:12:00
155,View_Content,2025-04-01 16:19:00
155,Attempt_Quiz,2025-04-01 16:20:00
155,Submit_Quiz,2025-04-01 16:22:00
155,Logout,2025-04-01 16:26:00
156,Login,2025-04-01 11:32:00
156,View_Content,2025-04-01 11:37:00
156,Attempt_Quiz,2025-04-01 11:41:00
156,Submit_Quiz,2025-04-01 11:54:00
156,Logout,2025-04-01 11:57:00
157,Login,2025-04-01 08:55:00
157,View_Content,2025-04-01 09:00:00
157,Attempt_Quiz,2025-04-01 09:02:00
157,Submit_Quiz,2025-04-01 09:05:00
157,Logout,2025-04-01 09:08:00
158,Login,2025-04-01 10:36:00
158,View_Content,2025-04-01 10:43:00
158,Attempt_Quiz,2025-04-01 10:45:00
158,Submit_Quiz,2025-04-01 10:49:00
158,Logout,2025-04-01 10:52:00
159,Login,2025-04-01 10:48:00
159,View_Content,2025-04-01 10:53:00
159,Attempt_Quiz,2025-04-01 10:55:00
159,Submit_Quiz,2025-04-01 10:59:00
159,Logout,2025-04-01 11:01:00
160,Login,2025-04-01 16:48:00
160,View_Content,2025-04-01 16:53:00
160,Attempt_Quiz,2025-04-01 16:55:00
160,Submit_Quiz,2025-04-01 17:08:00
160,Logout,2025-04-01 17:09:00
161,Login,2025-04-01 16:00:00
161,View_Content,2025-04-01 16:02:00
161,Attempt_Quiz,2025-04-01 16:04:00
161,Submit_Quiz,2025-04-01 16:10:00
161,Logout,2025-04-01 16:14:00
162,Login,2025-04-01 08:29:00
162,View_Content,2025-04-01 08:30:00
162,Attempt_Quiz,2025-04-01 08:31:00
162,Submit_Quiz,2025-04-01 08:35:00
162,Logout,2025-04-01 08:37:00
163,Login,2025-04-01 17:10:00
163,View_Content,2025-04-01 17:19:00
163,Attempt_Quiz,2025-04-01 17:21:00
163,Submit_Quiz,2025-04-01 17:26:00
163,Logout,2025-04-01 17:30:00
164,Login,2025-04-01 15:48:00
164,View_Content,2025-04-01 15:56:00
164,Attempt_Quiz,2025-04-01 16:00:00
164,Submit_Quiz,2025-04-01 16:12:00
164,Logout,2025-04-01 16:16:00
165,Login,2025-04-01 16:40:00
165,Attempt_Quiz,2025-04-01 16:44:00
165,Submit_Quiz,2025-04-01 16:52:00
165,Logout,2025-04-01 16:56:00
166,Login,2025-04-01 14:36:00
166,View_Content,2025-04-01 14:41:00
166,Logout,2025-04-01 14:43:00
167,Login,2025-04-01 14:40:00
167,View_Content,2025-04-01 14:44:00
167,Attempt_Quiz,2025-04-01 14:46:00
167,Submit_Quiz,2025-04-01 14:59:00
167,Logout,2025-04-01 15:02:00
168,Login,2025-04-01 13:42:00
168,View_Content,2025-04-01 13:45:00
168,Attempt_Quiz,2025-04-01 13:49:00
168,Logout,2025-04-01 13:53:00
169,Login,2025-04-01 11:24:00
169,View_Content,2025-04-01 11:32:00
169,Attempt_Quiz,2025-04-01 11:34:00
169,Logout,2025-04-01 11:35:00
170,Login,2025-04-01 16:41:00
170,View_Content,2025-04-01 16:44:00
170,Attempt_Quiz,2025-04-01 16:48:00
170,Submit_Quiz,2025-04-01 16:57:00
170,Logout,2025-04-01 17:00:00
171,Login,2025-04-01 12:41:00
171,Attempt_Quiz,2025-04-01 12:43:00
171,Submit_Quiz,2025-04-01 12:50:00
171,Logout,2025-04-01 12:51:00
172,Login,2025-04-01 17:34:00
172,View_Content,2025-04-01 17:43:00
172,Attempt_Quiz,2025-04-01 17:45:00
172,Submit_Quiz,2025-04-01 17:55:00
172,Logout,2025-04-01 17:56:00
173,Login,2025-04-01 13:28:00
173,Attempt_Quiz,2025-04-01 13:30:00
173,Submit_Quiz,2025-04-01 13:38:00
173,Logout,2025-04-01 13:41:00
174,Login,2025-04-01 10:40:00
174,Attempt_Quiz,2025-04-01 10:43:00
174,Submit_Quiz,2025-04-01 10:51:00
174,Logout,2025-04-01 10:53:00
175,Login,2025-04-01 17:00:00
175,Attempt_Quiz,2025-04-01 17:04:00
175,Logout,2025-04-01 17:08:00
176,Login,2025-04-01 13:50:00
176,Attempt_Quiz,2025-04-01 13:53:00
176,Submit_Quiz,2025-04-01 13:59:00
176,Logout,2025-04-01 14:02:00
177,Login,2025-04-01 16:26:00
177,View_Content,2025-04-01 16:27:00
177,Attempt_Quiz,2025-04-01 16:30:00
177,Submit_Quiz,2025-04-01 16:41:00
177,Logout,2025-04-01 16:44:00
178,Login,2025-04-01 16:24:00
178,View_Content,2025-04-01 16:28:00
178,Attempt_Quiz,2025-04-01 16:30:00
178,Logout,2025-04-01 16:32:00
179,Login,2025-04-01 16:37:00
179,View_Content,2025-04-01 16:40:00
179,Attempt_Quiz,2025-04-01 16:44:00
179,Logout,2025-04-01 16:48:00
180,Login,2025-04-01 15:01:00
180,View_Content,2025-04-01 15:02:00
180,Attempt_Quiz,2025-04-01 15:06:00
180,Submit_Quiz,2025-04-01 15:13:00
180,Logout,2025-04-01 15:15:00
181,Login,2025-04-01 13:00:00
181,View_Content,2025-04-01 13:05:00
181,Attempt_Quiz,2025-04-01 13:07:00
181,Submit_Quiz,2025-04-01 13:19:00
181,Logout,2025-04-01 13:20:00
182,Login,2025-04-01 08:52:00
182,View_Content,2025-04-01 08:58:00
182,Attempt_Quiz,2025-04-01 09:01:00
182,Submit_Quiz,2025-04-01 09:15:00
182,Logout,2025-04-01 09:16:00
183,Login,2025-04-01 12:44:00
183,View_Content,2025-04-01 12:48:00
183,Attempt_Quiz,2025-04-01 12:50:00
183,Submit_Quiz,2025-04-01 13:00:00
183,Logout,2025-04-01 13:03:00
184,Login,2025-04-01 14:29:00
184,View_Content,2025-04-01 14:37:00
184,Attempt_Quiz,2025-04-01 14:41:00
184,Submit_Quiz,2025-04-01 14:43:00
184,Logout,2025-04-01 14:46:00
185,Login,2025-04-01 13:09:00
185,View_Content,2025-04-01 13:16:00
185,Attempt_Quiz,2025-04-01 13:19:00
185,Logout,2025-04-01 13:22:00
186,Login,2025-04-01 10:34:00
186,View_Content,2025-04-01 10:39:00
186,Attempt_Quiz,2025-04-01 10:42:00
186,Logout,2025-04-01 10:44:00
187,Login,2025-04-01 12:03:00
187,View_Content,2025-04-01 12:06:00
187,Attempt_Quiz,2025-04-01 12:07:00
187,Submit_Quiz,2025-04-01 12:18:00
187,Logout,2025-04-01 12:20:00
188,Login,2025-04-01 16:02:00
188,View_Content,2025-04-01 16:07:00
188,Attempt_Quiz,2025-04-01 16:09:00
188,Logout,2025-04-01 16:11:00
189,Login,2025-04-01 13:30:00
189,View_Content,2025-04-01 13:33:00
189,Attempt_Quiz,2025-04-01 13:35:00
189,Submit_Quiz,2025-04-01 13:39:00
189,Logout,2025-04-01 13:43:00
190,Login,2025-04-01 13:16:00
190,View_Content,2025-04-01 13:25:00
190,Attempt_Quiz,2025-04-01 13:28:00
190,Logout,2025-04-01 13:32:00
191,Login,2025-04-01 16:56:00
191,View_Content,2025-04-01 16:59:00
191,Attempt_Quiz,2025-04-01 17:00:00
191,Logout,2025-04-01 17:02:00
192,Login,2025-04-01 12:42:00
192,View_Content,2025-04-01 12:49:00
192,Logout,2025-04-01 12:51:00
193,Login,2025-04-01 12:13:00
193,View_Content,2025-04-01 12:19:00
193,Attempt_Quiz,2025-04-01 12:21:00
193,Submit_Quiz,2025-04-01 12:29:00
193,Logout,2025-04-01 12:31:00
194,Login,2025-04-01 15:35:00
194,View_Content,2025-04-01 15:42:00
194,Attempt_Quiz,2025-04-01 15:44:00
194,Submit_Quiz,2025-04-01 15:48:00
194,Logout,2025-04-01 15:51:00
195,Login,2025-04-01 11:06:00
195,View_Content,2025-04-01 11:07:00
195,Attempt_Quiz,2025-04-01 11:09:00
195,Logout,2025-04-01 11:11:00
196,Login,2025-04-01 10:56:00
196,View_Content,2025-04-01 11:04:00
196,Attempt_Quiz,2025-04-01 11:08:00
196,Submit_Quiz,2025-04-01 11:15:00
196,Logout,2025-04-01 11:17:00
197,Login,2025-04-01 16:37:00
197,Attempt_Quiz,2025-04-01 16:41:00
197,Logout,2025-04-01 16:45:00
198,Login,2025-04-01 17:25:00
198,View_Content,2025-04-01 17:28:00
198,Attempt_Quiz,2025-04-01 17:29:00
198,Submit_Quiz,2025-04-01 17:37:00
198,Logout,2025-04-01 17:40:00
199,Login,2025-04-01 16:50:00
199,View_Content,2025-04-01 16:56:00
199,Attempt_Quiz,2025-04-01 17:00:00
199,Submit_Quiz,2025-04-01 17:13:00
199,Logout,2025-04-01 17:14:00
200,Login,2025-04-01 08:23:00
200,Attempt_Quiz,2025-04-01 08:26:00
200,Submit_Quiz,2025-04-01 08:34:00
200,Logout,2025-04-01 08:36:00
201,Login,2025-04-01 10:25:00
201,View_Content,2025-04-01 10:30:00
201,Attempt_Quiz,2025-04-01 10:33:00
201,Logout,2025-04-01 10:35:00
202,Login,2025-04-01 10:42:00
202,View_Content,2025-04-01 10:44:00
202,Attempt_Quiz,2025-04-01 10:48:00
202,Submit_Quiz,2025-04-01 10:59:00
202,Logout,2025-04-01 11:03:00
203,Login,2025-04-01 16:55:00
203,View_Content,2025-04-01 17:03:00
203,Attempt_Quiz,2025-04-01 17:07:00
203,Submit_Quiz,2025-04-01 17:20:00
203,Logout,2025-04-01 17:23:00
204,Login,2025-04-01 16:37:00
204,View_Content,2025-04-01 16:38:00
204,Attempt_Quiz,2025-04-01 16:40:00
204,Logout,2025-04-01 16:41:00
205,Login,2025-04-01 12:51:00
205,View_Content,2025-04-01 12:57:00
205,Attempt_Quiz,2025-04-01 12:59:00
205,Submit_Quiz,2025-04-01 13:10:00
205,Logout,2025-04-01 13:14:00
206,Login,2025-04-01 12:57:00
206,View_Content,2025-04-01 13:05:00
206,Attempt_Quiz,2025-04-01 13:06:00
206,Submit_Quiz,2025-04-01 13:15:00
206,Logout,2025-04-01 13:18:00
207,Login,2025-04-01 15:49:00
207,Attempt_Quiz,2025-04-01 15:52:00
207,Submit_Quiz,2025-04-01 16:02:00
207,Logout,2025-04-01 16:05:00
208,Login,2025-04-01 10:14:00
208,View_Content,2025-04-01 10:16:00
208,Attempt_Quiz,2025-04-01 10:19:00
208,Submit_Quiz,2025-04-01 10:30:00
208,Logout,2025-04-01 10:31:00
209,Login,2025-04-01 15:42:00
209,Attempt_Quiz,2025-04-01 15:45:00
209,Submit_Quiz,2025-04-01 15:56:00
209,Logout,2025-04-01 15:59:00
210,Login,2025-04-01 16:22:00
210,View_Content,2025-04-01 16:23:00
210,Attempt_Quiz,2025-04-01 16:26:00
210,Submit_Quiz,2025-04-01 16:37:00
210,Logout,2025-04-01 16:39:00
211,Login,2025-04-01 17:30:00
211,Attempt_Quiz,2025-04-01 17:32:00
211,Submit_Quiz,2025-04-01 17:42:00
211,Logout,2025-04-01 17:46:00
212,Login,2025-04-01 16:08:00
212,Logout,2025-04-01 16:09:00
213,Login,2025-04-01 17:22:00
213,View_Content,2025-04-01 17:28:00
213,Attempt_Quiz,2025-04-01 17:31:00
213,Submit_Quiz,2025-04-01 17:41:00
213,Logout,2025-04-01 17:42:00
214,Login,2025-04-01 08:51:00
214,View_Content,2025-04-01 08:58:00
214,Logout,2025-04-01 09:02:00
215,Login,2025-04-01 17:38:00
215,View_Content,2025-04-01 17:41:00
215,Attempt_Quiz,2025-04-01 17:43:00
215,Submit_Quiz,2025-04-01 17:46:00
215,Logout,2025-04-01 17:49:00
216,Login,2025-04-01 16:23:00
216,View_Content,2025-04-01 16:29:00
216,Attempt_Quiz,2025-04-01 16:32:00
216,Submit_Quiz,2025-04-01 16:43:00
216,Logout,2025-04-01 16:44:00
217,Login,2025-04-01 11:10:00
217,View_Content,2025-04-01 11:13:00
217,Attempt_Quiz,2025-04-01 11:15:00
217,Submit_Quiz,2025-04-01 11:28:00
217,Logout,2025-04-01 11:29:00
218,Login,2025-04-01 16:51:00
218,View_Content,2025-04-01 16:54:00
218,Attempt_Quiz,2025-04-01 16:57:00
218,Logout,2025-04-01 16:58:00
219,Login,2025-04-01 17:36:00
219,Attempt_Quiz,2025-04-01 17:38:00
219,Submit_Quiz,2025-04-01 17:47:00
219,Logout,2025-04-01 17:51:00
220,Login,2025-04-01 08:38:00
220,View_Content,2025-04-01 08:41:00
220,Attempt_Quiz,2025-04-01 08:42:00
220,Submit_Quiz,2025-04-01 08:56:00
220,Logout,2025-04-01 08:57:00
221,Login,2025-04-01 10:38:00
221,View_Content,2025-04-01 10:47:00
221,Attempt_Quiz,2025-04-01 10:49:00
221,Submit_Quiz,2025-04-01 11:03:00
221,Logout,2025-04-01 11:04:00
222,Login,2025-04-01 16:14:00
222,View_Content,2025-04-01 16:19:00
222,Attempt_Quiz,2025-04-01 16:22:00
222,Submit_Quiz,2025-04-01 16:25:00
222,Logout,2025-04-01 16:26:00
223,Login,2025-04-01 09:22:00
223,View_Content,2025-04-01 09:31:00
223,Attempt_Quiz,2025-04-01 09:33:00
223,Submit_Quiz,2025-04-01 09:42:00
223,Logout,2025-04-01 09:43:00
224,Login,2025-04-01 15:17:00
224,View_Content,2025-04-01 15:22:00
224,Attempt_Quiz,2025-04-01 15:23:00
224,Submit_Quiz,2025-04-01 15:27:00
224,Logout,2025-04-01 15:30:00
225,Login,2025-04-01 11:30:00
225,View_Content,2025-04-01 11:33:00
225,Logout,2025-04-01 11:37:00
226,Login,2025-04-01 16:30:00
226,View_Content,2025-04-01 16:31:00
226,Attempt_Quiz,2025-04-01 16:35:00
226,Submit_Quiz,2025-04-01 16:41:00
226,Logout,2025-04-01 16:45:00
227,Login,2025-04-01 12:23:00
227,Attempt_Quiz,2025-04-01 12:27:00
227,Submit_Quiz,2025-04-01 12:39:00
227,Logout,2025-04-01 12:42:00
228,Login,2025-04-01 17:53:00
228,View_Content,2025-04-01 17:56:00
228,Attempt_Quiz,2025-04-01 17:57:00
228,Submit_Quiz,2025-04-01 18:09:00
228,Logout,2025-04-01 18:11:00
229,Login,2025-04-01 10:01:00
229,Attempt_Quiz,2025-04-01 10:04:00
229,Submit_Quiz,2025-04-01 10:12:00
229,Logout,2025-04-01 10:16:00
230,Login,2025-04-01 17:08:00
230,Attempt_Quiz,2025-04-01 17:10:00
230,Submit_Quiz,2025-04-01 17:23:00
230,Logout,2025-04-01 17:24:00
231,Login,2025-04-01 09:36:00
231,View_Content,2025-04-01 09:45:00
231,Attempt_Quiz,2025-04-01 09:49:00
231,Submit_Quiz,2025-04-01 09:53:00
231,Logout,2025-04-01 09:56:00
232,Login,2025-04-01 14:43:00
232,View_Content,2025-04-01 14:52:00
232,Attempt_Quiz,2025-04-01 14:55:00
232,Submit_Quiz,2025-04-01 15:03:00
232,Logout,2025-04-01 15:05:00
233,Login,2025-04-01 08:32:00
233,View_Content,2025-04-01 08:33:00
233,Attempt_Quiz,2025-04-01 08:34:00
233,Logout,2025-04-01 08:36:00
234,Login,2025-04-01 09:17:00
234,View_Content,2025-04-01 09:23:00
234,Attempt_Quiz,2025-04-01 09:26:00
234,Logout,2025-04-01 09:27:00
235,Login,2025-04-01 11:51:00
235,View_Content,2025-04-01 11:59:00
235,Attempt_Quiz,2025-04-01 12:00:00
235,Logout,2025-04-01 12:02:00
236,Login,2025-04-01 14:34:00
236,View_Content,2025-04-01 14:35:00
236,Attempt_Quiz,2025-04-01 14:36:00
236,Submit_Quiz,2025-04-01 14:46:00
236,Logout,2025-04-01 14:49:00
237,Login,2025-04-01 09:45:00
237,View_Content,2025-04-01 09:54:00
237,Logout,2025-04-01 09:58:00
238,Login,2025-04-01 14:26:00
238,View_Content,2025-04-01 14:27:00
238,Attempt_Quiz,2025-04-01 14:28:00
238,Submit_Quiz,2025-04-01 14:37:00
238,Logout,2025-04-01 14:41:00
239,Login,2025-04-01 17:25:00
239,View_Content,2025-04-01 17:32:00
239,Attempt_Quiz,2025-04-01 17:33:00
239,Submit_Quiz,2025-04-01 17:44:00
239,Logout,2025-04-01 17:46:00
240,Login,2025-04-01 16:16:00
240,Attempt_Quiz,2025-04-01 16:20:00
240,Logout,2025-04-01 16:22:00
241,Login,2025-04-01 08:45:00
241,View_Content,2025-04-01 08:47:00
241,Attempt_Quiz,2025-04-01 08:48:00
241,Logout,2025-04-01 08:52:00
242,Login,2025-04-01 09:09:00
242,View_Content,2025-04-01 09:11:00
242,Attempt_Quiz,2025-04-01 09:12:00
242,Submit_Quiz,2025-04-01 09:19:00
242,Logout,2025-04-01 09:20:00
243,Login,2025-04-01 16:39:00
243,Attempt_Quiz,2025-04-01 16:43:00
243,Submit_Quiz,2025-04-01 16:47:00
243,Logout,2025-04-01 16:51:00
244,Login,2025-04-01 13:59:00
244,View_Content,2025-04-01 14:07:00
244,Attempt_Quiz,2025-04-01 14:09:00
244,Submit_Quiz,2025-04-01 14:20:00
244,Logout,2025-04-01 14:23:00
245,Login,2025-04-01 14:08:00
245,View_Content,2025-04-01 14:13:00
245,Attempt_Quiz,2025-04-01 14:14:00
245,Submit_Quiz,2025-04-01 14:25:00
245,Logout,2025-04-01 14:27:00
246,Login,2025-04-01 15:06:00
246,Attempt_Quiz,2025-04-01 15:09:00
246,Submit_Quiz,2025-04-01 15:23:00
246,Logout,2025-04-01 15:27:00
247,Login,2025-04-01 14:23:00
247,View_Content,2025-04-01 14:31:00
247,Attempt_Quiz,2025-04-01 14:34:00
247,Submit_Quiz,2025-04-01 14:37:00
247,Logout,2025-04-01 14:41:00
248,Login,2025-04-01 10:45:00
248,View_Content,2025-04-01 10:46:00
248,Attempt_Quiz,2025-04-01 10:49:00
248,Submit_Quiz,2025-04-01 10:54:00
248,Logout,2025-04-01 10:56:00
249,Login,2025-04-01 10:30:00
249,Logout,2025-04-01 10:34:00
250,Login,2025-04-01 12:50:00
250,View_Content,2025-04-01 12:56:00
250,Attempt_Quiz,2025-04-01 12:57:00
250,Submit_Quiz,2025-04-01 13:08:00
250,Logout,2025-04-01 13:10:00
251,Login,2025-04-01 12:28:00
251,View_Content,2025-04-01 12:29:00
251,Attempt_Quiz,2025-04-01 12:33:00
251,Submit_Quiz,2025-04-01 12:46:00
251,Logout,2025-04-01 12:50:00
252,Login,2025-04-01 15:54:00
252,Attempt_Quiz,2025-04-01 15:57:00
252,Submit_Quiz,2025-04-01 16:03:00
252,Logout,2025-04-01 16:06:00
253,Login,2025-04-01 16:03:00
253,Attempt_Quiz,2025-04-01 16:06:00
253,Submit_Quiz,2025-04-01 16:11:00
253,Logout,2025-04-01 16:14:00
254,Login,2025-04-01 08:05:00
254,View_Content,2025-04-01 08:09:00
254,Attempt_Quiz,2025-04-01 08:11:00
254,Submit_Quiz,2025-04-01 08:13:00
254,Logout,2025-04-01 08:17:00
255,Login,2025-04-01 12:15:00
255,Attempt_Quiz,2025-04-01 12:18:00
255,Submit_Quiz,2025-04-01 12:25:00
255,Logout,2025-04-01 12:27:00
256,Login,2025-04-01 14:42:00
256,View_Content,2025-04-01 14:46:00
256,Attempt_Quiz,2025-04-01 14:48:00
256,Submit_Quiz,2025-04-01 15:01:00
256,Logout,2025-04-01 15:03:00
257,Login,2025-04-01 16:48:00
257,View_Content,2025-04-01 16:50:00
257,Attempt_Quiz,2025-04-01 16:54:00
257,Submit_Quiz,2025-04-01 16:56:00
257,Logout,2025-04-01 16:58:00
258,Login,2025-04-01 12:13:00
258,View_Content,2025-04-01 12:15:00
258,Attempt_Quiz,2025-04-01 12:18:00
258,Logout,2025-04-01 12:19:00
259,Login,2025-04-01 13:40:00
259,View_Content,2025-04-01 13:48:00
259,Attempt_Quiz,2025-04-01 13:51:00
259,Submit_Quiz,2025-04-01 14:05:00
259,Logout,2025-04-01 14:07:00
260,Login,2025-04-01 11:32:00
260,Attempt_Quiz,2025-04-01 11:33:00
260,Submit_Quiz,2025-04-01 11:44:00
260,Logout,2025-04-01 11:46:00
261,Login,2025-04-01 16:32:00
261,View_Content,2025-04-01 16:40:00
261,Attempt_Quiz,2025-04-01 16:44:00
261,Submit_Quiz,2025-04-01 16:50:00
261,Logout,2025-04-01 16:53:00
262,Login,2025-04-01 12:13:00
262,View_Content,2025-04-01 12:15:00
262,Attempt_Quiz,2025-04-01 12:18:00
262,Submit_Quiz,2025-04-01 12:29:00
262,Logout,2025-04-01 12:32:00
263,Login,2025-04-01 14:15:00
263,View_Content,2025-04-01 14:16:00
263,Attempt_Quiz,2025-04-01 14:17:00
263,Logout,2025-04-01 14:20:00
264,Login,2025-04-01 11:39:00
264,View_Content,2025-04-01 11:47:00
264,Attempt_Quiz,2025-04-01 11:49:00
264,Submit_Quiz,2025-04-01 11:55:00
264,Logout,2025-04-01 11:56:00
265,Login,2025-04-01 12:47:00
265,View_Content,2025-04-01 12:48:00
265,Attempt_Quiz,2025-04-01 12:50:00
265,Submit_Quiz,2025-04-01 12:55:00
265,Logout,2025-04-01 12:56:00
266,Login,2025-04-01 16:38:00
266,View_Content,2025-04-01 16:40:00
266,Attempt_Quiz,2025-04-01 16:43:00
266,Submit_Quiz,2025-04-01 16:50:00
266,Logout,2025-04-01 16:52:00
267,Login,2025-04-01 10:07:00
267,View_Content,2025-04-01 10:08:00
267,Attempt_Quiz,2025-04-01 10:11:00
267,Submit_Quiz,2025-04-01 10:17:00
267,Logout,2025-04-01 10:19:00
268,Login,2025-04-01 12:12:00
268,View_Content,2025-04-01 12:17:00
268,Attempt_Quiz,2025-04-01 12:19:00
268,Submit_Quiz,2025-04-01 12:31:00
268,Logout,2025-04-01 12:34:00
269,Login,2025-04-01 14:14:00
269,Attempt_Quiz,2025-04-01 14:17:00
269,Submit_Quiz,2025-04-01 14:27:00
269,Logout,2025-04-01 14:29:00
270,Login,2025-04-01 10:03:00
270,View_Content,2025-04-01 10:06:00
270,Attempt_Quiz,2025-04-01 10:09:00
270,Submit_Quiz,2025-04-01 10:14:00
270,Logout,2025-04-01 10:18:00
271,Login,2025-04-01 17:25:00
271,View_Content,2025-04-01 17:26:00
271,Attempt_Quiz,2025-04-01 17:30:00
271,Submit_Quiz,2025-04-01 17:39:00
271,Logout,2025-04-01 17:40:00
272,Login,2025-04-01 11:37:00
272,View_Content,2025-04-01 11:41:00
272,Attempt_Quiz,2025-04-01 11:42:00
272,Submit_Quiz,2025-04-01 11:53:00
272,Logout,2025-04-01 11:57:00
273,Login,2025-04-01 16:02:00
273,View_Content,2025-04-01 16:08:00
273,Attempt_Quiz,2025-04-01 16:11:00
273,Submit_Quiz,2025-04-01 16:18:00
273,Logout,2025-04-01 16:19:00
274,Login,2025-04-01 17:42:00
274,Attempt_Quiz,2025-04-01 17:44:00
274,Logout,2025-04-01 17:47:00
275,Login,2025-04-01 16:51:00
275,View_Content,2025-04-01 16:53:00
275,Attempt_Quiz,2025-04-01 16:54:00
275,Logout,2025-04-01 16:58:00
276,Login,2025-04-01 12:40:00
276,Attempt_Quiz,2025-04-01 12:43:00
276,Submit_Quiz,2025-04-01 12:54:00
276,Logout,2025-04-01 12:56:00
277,Login,2025-04-01 08:30:00
277,View_Content,2025-04-01 08:34:00
277,Attempt_Quiz,2025-04-01 08:37:00
277,Submit_Quiz,2025-04-01 08:39:00
277,Logout,2025-04-01 08:42:00
278,Login,2025-04-01 16:06:00
278,View_Content,2025-04-01 16:13:00
278,Attempt_Quiz,2025-04-01 16:14:00
278,Submit_Quiz,2025-04-01 16:18:00
278,Logout,2025-04-01 16:19:00
279,Login,2025-04-01 15:55:00
279,View_Content,2025-04-01 16:03:00
279,Attempt_Quiz,2025-04-01 16:06:00
279,Submit_Quiz,2025-04-01 16:13:00
279,Logout,2025-04-01 16:16:00
280,Login,2025-04-01 10:30:00
280,View_Content,2025-04-01 10:33:00
280,Attempt_Quiz,2025-04-01 10:36:00
280,Submit_Quiz,2025-04-01 10:42:00
280,Logout,2025-04-01 10:46:00
281,Login,2025-04-01 09:16:00
281,Attempt_Quiz,2025-04-01 09:19:00
281,Submit_Quiz,2025-04-01 09:26:00
281,Logout,2025-04-01 09:28:00
282,Login,2025-04-01 10:06:00
282,View_Content,2025-04-01 10:15:00
282,Attempt_Quiz,2025-04-01 10:17:00
282,Submit_Quiz,2025-04-01 10:27:00
282,Logout,2025-04-01 10:29:00
283,Login,2025-04-01 08:59:00
283,Attempt_Quiz,2025-04-01 09:03:00
283,Submit_Quiz,2025-04-01 09:13:00
283,Logout,2025-04-01 09:14:00
284,Login,2025-04-01 16:43:00
284,Attempt_Quiz,2025-04-01 16:46:00
284,Submit_Quiz,2025-04-01 16:49:00
284,Logout,2025-04-01 16:53:00
285,Login,2025-04-01 08:42:00
285,View_Content,2025-04-01 08:45:00
285,Attempt_Quiz,2025-04-01 08:48:00
285,Submit_Quiz,2025-04-01 09:02:00
285,Logout,2025-04-01 09:04:00
286,Login,2025-04-01 10:48:00
286,Attempt_Quiz,2025-04-01 10:49:00
286,Submit_Quiz,2025-04-01 11:00:00
286,Logout,2025-04-01 11:01:00
287,Login,2025-04-01 14:26:00
287,View_Content,2025-04-01 14:27:00
287,Attempt_Quiz,2025-04-01 14:29:00
287,Submit_Quiz,2025-04-01 14:34:00
287,Logout,2025-04-01 14:35:00
288,Login,2025-04-01 08:39:00
288,View_Content,2025-04-01 08:46:00
288,Attempt_Quiz,2025-04-01 08:50:00
288,Logout,2025-04-01 08:51:00
289,Login,2025-04-01 12:47:00
289,View_Content,2025-04-01 12:55:00
289,Attempt_Quiz,2025-04-01 12:56:00
289,Submit_Quiz,2025-04-01 12:59:00
289,Logout,2025-04-01 13:02:00
290,Login,2025-04-01 17:46:00
290,View_Content,2025-04-01 17:54:00
290,Attempt_Quiz,2025-04-01 17:57:00
290,Submit_Quiz,2025-04-01 18:10:00
290,Logout,2025-04-01 18:11:00
291,Login,2025-04-01 10:45:00
291,Attempt_Quiz,2025-04-01 10:46:00
291,Submit_Quiz,2025-04-01 10:50:00
291,Logout,2025-04-01 10:51:00
292,Login,2025-04-01 08:32:00
292,Attempt_Quiz,2025-04-01 08:35:00
292,Submit_Quiz,2025-04-01 08:43:00
292,Logout,2025-04-01 08:44:00
293,Login,2025-04-01 08:32:00
293,View_Content,2025-04-01 08:37:00
293,Attempt_Quiz,2025-04-01 08:38:00
293,Submit_Quiz,2025-04-01 08:51:00
293,Logout,2025-04-01 08:55:00
294,Login,2025-04-01 17:50:00
294,View_Content,2025-04-01 17:56:00
294,Attempt_Quiz,2025-04-01 17:58:00
294,Submit_Quiz,2025-04-01 18:08:00
294,Logout,2025-04-01 18:09:00
295,Login,2025-04-01 11:43:00
295,View_Content,2025-04-01 11:47:00
295,Attempt_Quiz,2025-04-01 11:50:00
295,Submit_Quiz,2025-04-01 11:54:00
295,Logout,2025-04-01 11:58:00
296,Login,2025-04-01 10:38:00
296,View_Content,2025-04-01 10:47:00
296,Attempt_Quiz,2025-04-01 10:48:00
296,Submit_Quiz,2025-04-01 11:01:00
296,Logout,2025-04-01 11:05:00
297,Login,2025-04-01 10:21:00
297,View_Content,2025-04-01 10:24:00
297,Attempt_Quiz,2025-04-01 10:27:00
297,Submit_Quiz,2025-04-01 10:30:00
297,Logout,2025-04-01 10:34:00
298,Login,2025-04-01 17:00:00
298,View_Content,2025-04-01 17:07:00
298,Attempt_Quiz,2025-04-01 17:10:00
298,Submit_Quiz,2025-04-01 17:23:00
298,Logout,2025-04-01 17:25:00
299,Login,2025-04-01 08:29:00
299,View_Content,2025-04-01 08:35:00
299,Attempt_Quiz,2025-04-01 08:38:00
299,Submit_Quiz,2025-04-01 08:40:00
299,Logout,2025-04-01 08:41:00
300,Login,2025-04-01 17:16:00
300,View_Content,2025-04-01 17:25:00
300,Attempt_Quiz,2025-04-01 17:26:00
300,Submit_Quiz,2025-04-01 17:32:00
300,Logout,2025-04-01 17:33:00
301,Login,2025-04-01 14:23:00
301,Attempt_Quiz,2025-04-01 14:24:00
301,Submit_Quiz,2025-04-01 14:30:00
301,Logout,2025-04-01 14:33:00
302,Login,2025-04-01 08:43:00
302,View_Content,2025-04-01 08:50:00
302,Attempt_Quiz,2025-04-01 08:53:00
302,Submit_Quiz,2025-04-01 09:03:00
302,Logout,2025-04-01 09:06:00
303,Login,2025-04-01 16:52:00
303,View_Content,2025-04-01 16:56:00
303,Logout,2025-04-01 17:00:00
304,Login,2025-04-01 08:15:00
304,View_Content,2025-04-01 08:22:00
304,Attempt_Quiz,2025-04-01 08:26:00
304,Submit_Quiz,2025-04-01 08:39:00
304,Logout,2025-04-01 08:41:00
305,Login,2025-04-01 10:46:00
305,View_Content,2025-04-01 10:55:00
305,Attempt_Quiz,2025-04-01 10:56:00
305,Logout,2025-04-01 10:57:00
306,Login,2025-04-01 13:09:00
306,View_Content,2025-04-01 13:15:00
306,Attempt_Quiz,2025-04-01 13:17:00
306,Submit_Quiz,2025-04-01 13:24:00
306,Logout,2025-04-01 13:26:00
307,Login,2025-04-01 13:32:00
307,View_Content,2025-04-01 13:34:00
307,Attempt_Quiz,2025-04-01 13:36:00
307,Submit_Quiz,2025-04-01 13:38:00
307,Logout,2025-04-01 13:39:00
308,Login,2025-04-01 17:16:00
308,View_Content,2025-04-01 17:20:00
308,Attempt_Quiz,2025-04-01 17:23:00
308,Submit_Quiz,2025-04-01 17:28:00
308,Logout,2025-04-01 17:29:00
309,Login,2025-04-01 13:23:00
309,Attempt_Quiz,2025-04-01 13:26:00
309,Submit_Quiz,2025-04-01 13:29:00
309,Logout,2025-04-01 13:32:00
310,Login,2025-04-01 16:30:00
310,View_Content,2025-04-01 16:38:00
310,Attempt_Quiz,2025-04-01 16:42:00
310,Submit_Quiz,2025-04-01 16:49:00
310,Logout,2025-04-01 16:51:00
311,Login,2025-04-01 09:42:00
311,View_Content,2025-04-01 09:46:00
311,Attempt_Quiz,2025-04-01 09:48:00
311,Submit_Quiz,2025-04-01 09:56:00
311,Logout,2025-04-01 09:57:00
312,Login,2025-04-01 08:53:00
312,View_Content,2025-04-01 09:02:00
312,Attempt_Quiz,2025-04-01 09:06:00
312,Submit_Quiz,2025-04-01 09:11:00
312,Logout,2025-04-01 09:15:00
313,Login,2025-04-01 08:35:00
313,View_Content,2025-04-01 08:44:00
313,Attempt_Quiz,2025-04-01 08:46:00
313,Submit_Quiz,2025-04-01 08:48:00
313,Logout,2025-04-01 08:51:00
314,Login,2025-04-01 17:40:00
314,Attempt_Quiz,2025-04-01 17:43:00
314,Submit_Quiz,2025-04-01 17:50:00
314,Logout,2025-04-01 17:51:00
315,Login,2025-04-01 10:07:00
315,Logout,2025-04-01 10:09:00
316,Login,2025-04-01 12:26:00
316,View_Content,2025-04-01 12:34:00
316,Logout,2025-04-01 12:35:00
317,Login,2025-04-01 13:49:00
317,View_Content,2025-04-01 13:51:00
317,Attempt_Quiz,2025-04-01 13:55:00
317,Submit_Quiz,2025-04-01 14:03:00
317,Logout,2025-04-01 14:06:00
318,Login,2025-04-01 12:40:00
318,View_Content,2025-04-01 12:49:00
318,Attempt_Quiz,2025-04-01 12:53:00
318,Submit_Quiz,2025-04-01 12:58:00
318,Logout,2025-04-01 13:00:00
319,Login,2025-04-01 10:17:00
319,View_Content,2025-04-01 10:24:00
319,Attempt_Quiz,2025-04-01 10:27:00
319,Submit_Quiz,2025-04-01 10:31:00
319,Logout,2025-04-01 10:34:00
320,Login,2025-04-01 17:57:00
320,View_Content,2025-04-01 18:00:00
320,Attempt_Quiz,2025-04-01 18:03:00
320,Submit_Quiz,2025-04-01 18:12:00
320,Logout,2025-04-01 18:13:00
321,Login,2025-04-01 11:30:00
321,View_Content,2025-04-01 11:31:00
321,Attempt_Quiz,2025-04-01 11:35:00
321,Submit_Quiz,2025-04-01 11:39:00
321,Logout,2025-04-01 11:42:00
322,Login,2025-04-01 12:24:00
322,Attempt_Quiz,2025-04-01 12:25:00
322,Submit_Quiz,2025-04-01 12:34:00
322,Logout,2025-04-01 12:36:00
323,Login,2025-04-01 09:46:00
323,View_Content,2025-04-01 09:55:00
323,Attempt_Quiz,2025-04-01 09:57:00
323,Submit_Quiz,2025-04-01 10:08:00
323,Logout,2025-04-01 10:10:00
324,Login,2025-04-01 16:51:00
324,View_Content,2025-04-01 16:56:00
324,Attempt_Quiz,2025-04-01 16:59:00
324,Submit_Quiz,2025-04-01 17:07:00
324,Logout,2025-04-01 17:09:00
325,Login,2025-04-01 08:42:00
325,Attempt_Quiz,2025-04-01 08:44:00
325,Submit_Quiz,2025-04-01 08:58:00
325,Logout,2025-04-01 09:02:00
326,Login,2025-04-01 15:58:00
326,View_Content,2025-04-01 16:03:00
326,Attempt_Quiz,2025-04-01 16:05:00
326,Logout,2025-04-01 16:08:00
327,Login,2025-04-01 10:33:00
327,View_Content,2025-04-01 10:42:00
327,Attempt_Quiz,2025-04-01 10:45:00
327,Submit_Quiz,2025-04-01 10:59:00
327,Logout,2025-04-01 11:00:00
328,Login,2025-04-01 09:24:00
328,View_Content,2025-04-01 09:30:00
328,Attempt_Quiz,2025-04-01 09:33:00
328,Submit_Quiz,2025-04-01 09:44:00
328,Logout,2025-04-01 09:46:00
329,Login,2025-04-01 15:36:00
329,View_Content,2025-04-01 15:44:00
329,Attempt_Quiz,2025-04-01 15:48:00
329,Submit_Quiz,2025-04-01 15:59:00
329,Logout,2025-04-01 16:00:00
330,Login,2025-04-01 11:31:00
330,View_Content,2025-04-01 11:34:00
330,Attempt_Quiz,2025-04-01 11:35:00
330,Submit_Quiz,2025-04-01 11:48:00
330,Logout,2025-04-01 11:52:00
331,Login,2025-04-01 08:50:00
331,View_Content,2025-04-01 08:54:00
331,Attempt_Quiz,2025-04-01 08:56:00
331,Submit_Quiz,2025-04-01 08:59:00
331,Logout,2025-04-01 09:00:00
332,Login,2025-04-01 16:48:00
332,View_Content,2025-04-01 16:49:00
332,Attempt_Quiz,2025-04-01 16:50:00
332,Submit_Quiz,2025-04-01 16:52:00
332,Logout,2025-04-01 16:56:00
333,Login,2025-04-01 16:38:00
333,View_Content,2025-04-01 16:46:00
333,Attempt_Quiz,2025-04-01 16:47:00
333,Submit_Quiz,2025-04-01 16:59:00
333,Logout,2025-04-01 17:03:00
334,Login,2025-04-01 10:14:00
334,View_Content,2025-04-01 10:20:00
334,Attempt_Quiz,2025-04-01 10:21:00
334,Submit_Quiz,2025-04-01 10:34:00
334,Logout,2025-04-01 10:36:00
335,Login,2025-04-01 15:44:00
335,View_Content,2025-04-01 15:48:00
335,Attempt_Quiz,2025-04-01 15:51:00
335,Submit_Quiz,2025-04-01 15:57:00
335,Logout,2025-04-01 15:58:00
336,Login,2025-04-01 15:55:00
336,View_Content,2025-04-01 16:02:00
336,Attempt_Quiz,2025-04-01 16:06:00
336,Submit_Quiz,2025-04-01 16:16:00
336,Logout,2025-04-01 16:18:00
337,Login,2025-04-01 15:56:00
337,View_Content,2025-04-01 15:57:00
337,Attempt_Quiz,2025-04-01 15:59:00
337,Logout,2025-04-01 16:00:00
338,Login,2025-04-01 15:55:00
338,View_Content,2025-04-01 16:04:00
338,Attempt_Quiz,2025-04-01 16:07:00
338,Logout,2025-04-01 16:11:00
339,Login,2025-04-01 10:36:00
339,View_Content,2025-04-01 10:39:00
339,Attempt_Quiz,2025-04-01 10:43:00
339,Logout,2025-04-01 10:47:00
340,Login,2025-04-01 17:34:00
340,View_Content,2025-04-01 17:35:00
340,Attempt_Quiz,2025-04-01 17:38:00
340,Submit_Quiz,2025-04-01 17:50:00
340,Logout,2025-04-01 17:53:00
341,Login,2025-04-01 09:16:00
341,View_Content,2025-04-01 09:22:00
341,Attempt_Quiz,2025-04-01 09:25:00
341,Submit_Quiz,2025-04-01 09:38:00
341,Logout,2025-04-01 09:40:00
342,Login,2025-04-01 12:41:00
342,View_Content,2025-04-01 12:46:00
342,Attempt_Quiz,2025-04-01 12:47:00
342,Submit_Quiz,2025-04-01 12:55:00
342,Logout,2025-04-01 12:59:00
343,Login,2025-04-01 16:17:00
343,View_Content,2025-04-01 16:19:00
343,Attempt_Quiz,2025-04-01 16:22:00
343,Submit_Quiz,2025-04-01 16:35:00
343,Logout,2025-04-01 16:36:00
344,Login,2025-04-01 17:43:00
344,View_Content,2025-04-01 17:48:00
344,Attempt_Quiz,2025-04-01 17:50:00
344,Submit_Quiz,2025-04-01 18:00:00
344,Logout,2025-04-01 18:02:00
345,Login,2025-04-01 12:27:00
345,View_Content,2025-04-01 12:28:00
345,Attempt_Quiz,2025-04-01 12:30:00
345,Submit_Quiz,2025-04-01 12:34:00
345,Logout,2025-04-01 12:35:00
346,Login,2025-04-01 08:49:00
346,View_Content,2025-04-01 08:50:00
346,Attempt_Quiz,2025-04-01 08:53:00
346,Logout,2025-04-01 08:54:00
347,Login,2025-04-01 17:27:00
347,View_Content,2025-04-01 17:35:00
347,Attempt_Quiz,2025-04-01 17:36:00
347,Submit_Quiz,2025-04-01 17:49:00
347,Logout,2025-04-01 17:52:00
348,Login,2025-04-01 12:30:00
348,View_Content,2025-04-01 12:35:00
348,Attempt_Quiz,2025-04-01 12:39:00
348,Logout,2025-04-01 12:42:00
349,Login,2025-04-01 16:10:00
349,View_Content,2025-04-01 16:13:00
349,Attempt_Quiz,2025-04-01 16:14:00
349,Submit_Quiz,2025-04-01 16:24:00
349,Logout,2025-04-01 16:28:00
350,Login,2025-04-01 10:23:00
350,View_Content,2025-04-01 10:27:00
350,Attempt_Quiz,2025-04-01 10:29:00
350,Submit_Quiz,2025-04-01 10:38:00
350,Logout,2025-04-01 10:39:00
351,Login,2025-04-01 13:10:00
351,View_Content,2025-04-01 13:11:00
351,Attempt_Quiz,2025-04-01 13:12:00
351,Submit_Quiz,2025-04-01 13:18:00
351,Logout,2025-04-01 13:21:00
352,Login,2025-04-01 13:30:00
352,View_Content,2025-04-01 13:38:00
352,Attempt_Quiz,2025-04-01 13:42:00
352,Submit_Quiz,2025-04-01 13:49:00
352,Logout,2025-04-01 13:53:00
353,Login,2025-04-01 10:01:00
353,View_Content,2025-04-01 10:10:00
353,Attempt_Quiz,2025-04-01 10:11:00
353,Submit_Quiz,2025-04-01 10:19:00
353,Logout,2025-04-01 10:20:00
354,Login,2025-04-01 12:15:00
354,View_Content,2025-04-01 12:19:00
354,Attempt_Quiz,2025-04-01 12:21:00
354,Submit_Quiz,2025-04-01 12:33:00
354,Logout,2025-04-01 12:35:00
355,Login,2025-04-01 09:07:00
355,View_Content,2025-04-01 09:10:00
355,Attempt_Quiz,2025-04-01 09:13:00
355,Logout,2025-04-01 09:16:00
356,Login,2025-04-01 16:24:00
356,View_Content,2025-04-01 16:29:00
356,Attempt_Quiz,2025-04-01 16:30:00
356,Logout,2025-04-01 16:32:00
357,Login,2025-04-01 09:03:00
357,View_Content,2025-04-01 09:06:00
357,Logout,2025-04-01 09:10:00
358,Login,2025-04-01 13:27:00
358,View_Content,2025-04-01 13:36:00
358,Attempt_Quiz,2025-04-01 13:39:00
358,Logout,2025-04-01 13:41:00
359,Login,2025-04-01 16:13:00
359,View_Content,2025-04-01 16:18:00
359,Attempt_Quiz,2025-04-01 16:20:00
359,Submit_Quiz,2025-04-01 16:26:00
359,Logout,2025-04-01 16:28:00
360,Login,2025-04-01 13:21:00
360,Logout,2025-04-01 13:25:00
361,Login,2025-04-01 12:40:00
361,Attempt_Quiz,2025-04-01 12:43:00
361,Submit_Quiz,2025-04-01 12:50:00
361,Logout,2025-04-01 12:54:00
362,Login,2025-04-01 13:55:00
362,View_Content,2025-04-01 14:00:00
362,Attempt_Quiz,2025-04-01 14:03:00
362,Submit_Quiz,2025-04-01 14:06:00
362,Logout,2025-04-01 14:09:00
363,Login,2025-04-01 11:42:00
363,View_Content,2025-04-01 11:44:00
363,Attempt_Quiz,2025-04-01 11:45:00
363,Submit_Quiz,2025-04-01 11:54:00
363,Logout,2025-04-01 11:56:00
364,Login,2025-04-01 12:12:00
364,View_Content,2025-04-01 12:19:00
364,Attempt_Quiz,2025-04-01 12:23:00
364,Submit_Quiz,2025-04-01 12:32:00
364,Logout,2025-04-01 12:34:00
365,Login,2025-04-01 15:34:00
365,View_Content,2025-04-01 15:41:00
365,Attempt_Quiz,2025-04-01 15:44:00
365,Submit_Quiz,2025-04-01 15:49:00
365,Logout,2025-04-01 15:51:00
366,Login,2025-04-01 17:46:00
366,View_Content,2025-04-01 17:54:00
366,Attempt_Quiz,2025-04-01 17:55:00
366,Submit_Quiz,2025-04-01 18:08:00
366,Logout,2025-04-01 18:10:00
367,Login,2025-04-01 13:41:00
367,View_Content,2025-04-01 13:44:00
367,Attempt_Quiz,2025-04-01 13:45:00
367,Logout,2025-04-01 13:48:00
368,Login,2025-04-01 11:14:00
368,View_Content,2025-04-01 11:21:00
368,Attempt_Quiz,2025-04-01 11:23:00
368,Submit_Quiz,2025-04-01 11:31:00
368,Logout,2025-04-01 11:32:00
369,Login,2025-04-01 12:02:00
369,Attempt_Quiz,2025-04-01 12:06:00
369,Submit_Quiz,2025-04-01 12:14:00
369,Logout,2025-04-01 12:18:00
370,Login,2025-04-01 17:25:00
370,View_Content,2025-04-01 17:30:00
370,Attempt_Quiz,2025-04-01 17:32:00
370,Submit_Quiz,2025-04-01 17:40:00
370,Logout,2025-04-01 17:43:00
371,Login,2025-04-01 10:41:00
371,View_Content,2025-04-01 10:46:00
371,Attempt_Quiz,2025-04-01 10:50:00
371,Submit_Quiz,2025-04-01 11:01:00
371,Logout,2025-04-01 11:03:00
372,Login,2025-04-01 08:36:00
372,View_Content,2025-04-01 08:39:00
372,Attempt_Quiz,2025-04-01 08:42:00
372,Submit_Quiz,2025-04-01 08:44:00
372,Logout,2025-04-01 08:47:00
373,Login,2025-04-01 17:24:00
373,View_Content,2025-04-01 17:26:00
373,Attempt_Quiz,2025-04-01 17:27:00
373,Logout,2025-04-01 17:30:00
374,Login,2025-04-01 11:37:00
374,View_Content,2025-04-01 11:39:00
374,Attempt_Quiz,2025-04-01 11:40:00
374,Submit_Quiz,2025-04-01 11:51:00
374,Logout,2025-04-01 11:52:00
375,Login,2025-04-01 15:52:00
375,View_Content,2025-04-01 15:56:00
375,Logout,2025-04-01 15:59:00
376,Login,2025-04-01 17:11:00
376,Attempt_Quiz,2025-04-01 17:13:00
376,Submit_Quiz,2025-04-01 17:26:00
376,Logout,2025-04-01 17:29:00
377,Login,2025-04-01 08:58:00
377,View_Content,2025-04-01 09:07:00
377,Attempt_Quiz,2025-04-01 09:10:00
377,Submit_Quiz,2025-04-01 09:24:00
377,Logout,2025-04-01 09:26:00
378,Login,2025-04-01 11:19:00
378,View_Content,2025-04-01 11:27:00
378,Attempt_Quiz,2025-04-01 11:30:00
378,Submit_Quiz,2025-04-01 11:43:00
378,Logout,2025-04-01 11:47:00
379,Login,2025-04-01 10:26:00
379,View_Content,2025-04-01 10:28:00
379,Attempt_Quiz,2025-04-01 10:29:00
379,Logout,2025-04-01 10:33:00
380,Login,2025-04-01 11:58:00
380,View_Content,2025-04-01 12:05:00
380,Attempt_Quiz,2025-04-01 12:07:00
380,Submit_Quiz,2025-04-01 12:18:00
380,Logout,2025-04-01 12:19:00
381,Login,2025-04-01 14:52:00
381,View_Content,2025-04-01 14:57:00
381,Attempt_Quiz,2025-04-01 15:01:00
381,Logout,2025-04-01 15:04:00
382,Login,2025-04-01 12:58:00
382,View_Content,2025-04-01 13:01:00
382,Attempt_Quiz,2025-04-01 13:02:00
382,Submit_Quiz,2025-04-01 13:05:00
382,Logout,2025-04-01 13:07:00
383,Login,2025-04-01 17:44:00
383,View_Content,2025-04-01 17:50:00
383,Attempt_Quiz,2025-04-01 17:54:00
383,Submit_Quiz,2025-04-01 17:59:00
383,Logout,2025-04-01 18:01:00
384,Login,2025-04-01 08:48:00
384,View_Content,2025-04-01 08:57:00
384,Attempt_Quiz,2025-04-01 08:58:00
384,Submit_Quiz,2025-04-01 09:07:00
384,Logout,2025-04-01 09:11:00
385,Login,2025-04-01 15:34:00
385,View_Content,2025-04-01 15:35:00
385,Attempt_Quiz,2025-04-01 15:36:00
385,Logout,2025-04-01 15:38:00
386,Login,2025-04-01 16:51:00
386,View_Content,2025-04-01 16:53:00
386,Logout,2025-04-01 16:54:00
387,Login,2025-04-01 14:52:00
387,View_Content,2025-04-01 14:58:00
387,Attempt_Quiz,2025-04-01 15:00:00
387,Submit_Quiz,2025-04-01 15:05:00
387,Logout,2025-04-01 15:07:00
388,Login,2025-04-01 08:01:00
388,Attempt_Quiz,2025-04-01 08:05:00
388,Submit_Quiz,2025-04-01 08:16:00
388,Logout,2025-04-01 08:18:00
389,Login,2025-04-01 12:55:00
389,Logout,2025-04-01 12:59:00
390,Login,2025-04-01 11:45:00
390,View_Content,2025-04-01 11:53:00
390,Attempt_Quiz,2025-04-01 11:57:00
390,Submit_Quiz,2025-04-01 12:05:00
390,Logout,2025-04-01 12:06:00
391,Login,2025-04-01 08:08:00
391,View_Content,2025-04-01 08:15:00
391,Attempt_Quiz,2025-04-01 08:19:00
391,Submit_Quiz,2025-04-01 08:25:00
391,Logout,2025-04-01 08:29:00
392,Login,2025-04-01 13:35:00
392,View_Content,2025-04-01 13:43:00
392,Attempt_Quiz,2025-04-01 13:44:00
392,Submit_Quiz,2025-04-01 13:49:00
392,Logout,2025-04-01 13:51:00
393,Login,2025-04-01 15:53:00
393,View_Content,2025-04-01 16:02:00
393,Attempt_Quiz,2025-04-01 16:04:00
393,Submit_Quiz,2025-04-01 16:06:00
393,Logout,2025-04-01 16:09:00
394,Login,2025-04-01 09:44:00
394,View_Content,2025-04-01 09:52:00
394,Attempt_Quiz,2025-04-01 09:56:00
394,Submit_Quiz,2025-04-01 10:02:00
394,Logout,2025-04-01 10:05:00
395,Login,2025-04-01 13:23:00
395,View_Content,2025-04-01 13:28:00
395,Attempt_Quiz,2025-04-01 13:31:00
395,Submit_Quiz,2025-04-01 13:42:00
395,Logout,2025-04-01 13:44:00
396,Login,2025-04-01 16:52:00
396,View_Content,2025-04-01 16:59:00
396,Logout,2025-04-01 17:00:00
397,Login,2025-04-01 17:23:00
397,View_Content,2025-04-01 17:24:00
397,Attempt_Quiz,2025-04-01 17:25:00
397,Submit_Quiz,2025-04-01 17:28:00
397,Logout,2025-04-01 17:31:00
398,Login,2025-04-01 13:05:00
398,View_Content,2025-04-01 13:09:00
398,Attempt_Quiz,2025-04-01 13:12:00
398,Submit_Quiz,2025-04-01 13:21:00
398,Logout,2025-04-01 13:24:00
399,Login,2025-04-01 15:51:00
399,View_Content,2025-04-01 15:53:00
399,Attempt_Quiz,2025-04-01 15:54:00
399,Submit_Quiz,2025-04-01 16:00:00
399,Logout,2025-04-01 16:02:00
400,Login,2025-04-01 15:36:00
400,View_Content,2025-04-01 15:38:00
400,Attempt_Quiz,2025-04-01 15:40:00
400,Submit_Quiz,2025-04-01 15:43:00
400,Logout,2025-04-01 15:45:00
401,Login,2025-04-01 15:53:00
401,Attempt_Quiz,2025-04-01 15:54:00
401,Submit_Quiz,2025-04-01 16:00:00
401,Logout,2025-04-01 16:01:00
402,Login,2025-04-01 09:47:00
402,Attempt_Quiz,2025-04-01 09:51:00
402,Submit_Quiz,2025-04-01 10:00:00
402,Logout,2025-04-01 10:03:00
403,Login,2025-04-01 15:05:00
403,View_Content,2025-04-01 15:14:00
403,Attempt_Quiz,2025-04-01 15:18:00
403,Submit_Quiz,2025-04-01 15:21:00
403,Logout,2025-04-01 15:22:00
404,Login,2025-04-01 14:40:00
404,View_Content,2025-04-01 14:47:00
404,Attempt_Quiz,2025-04-01 14:49:00
404,Submit_Quiz,2025-04-01 14:55:00
404,Logout,2025-04-01 14:59:00
405,Login,2025-04-01 15:28:00
405,View_Content,2025-04-01 15:37:00
405,Attempt_Quiz,2025-04-01 15:39:00
405,Submit_Quiz,2025-04-01 15:53:00
405,Logout,2025-04-01 15:57:00
406,Login,2025-04-01 13:16:00
406,View_Content,2025-04-01 13:18:00
406,Attempt_Quiz,2025-04-01 13:21:00
406,Submit_Quiz,2025-04-01 13:30:00
406,Logout,2025-04-01 13:32:00
407,Login,2025-04-01 17:36:00
407,Attempt_Quiz,2025-04-01 17:39:00
407,Logout,2025-04-01 17:41:00
408,Login,2025-04-01 08:30:00
408,Logout,2025-04-01 08:34:00
409,Login,2025-04-01 14:56:00
409,View_Content,2025-04-01 15:04:00
409,Attempt_Quiz,2025-04-01 15:07:00
409,Submit_Quiz,2025-04-01 15:17:00
409,Logout,2025-04-01 15:21:00
410,Login,2025-04-01 09:57:00
410,View_Content,2025-04-01 09:59:00
410,Logout,2025-04-01 10:01:00
411,Login,2025-04-01 09:04:00
411,View_Content,2025-04-01 09:11:00
411,Attempt_Quiz,2025-04-01 09:15:00
411,Logout,2025-04-01 09:17:00
412,Login,2025-04-01 08:36:00
412,Attempt_Quiz,2025-04-01 08:40:00
412,Submit_Quiz,2025-04-01 08:42:00
412,Logout,2025-04-01 08:44:00
413,Login,2025-04-01 11:50:00
413,Attempt_Quiz,2025-04-01 11:52:00
413,Logout,2025-04-01 11:55:00
414,Login,2025-04-01 12:21:00
414,View_Content,2025-04-01 12:25:00
414,Attempt_Quiz,2025-04-01 12:27:00
414,Submit_Quiz,2025-04-01 12:38:00
414,Logout,2025-04-01 12:41:00
415,Login,2025-04-01 12:03:00
415,Attempt_Quiz,2025-04-01 12:04:00
415,Submit_Quiz,2025-04-01 12:07:00
415,Logout,2025-04-01 12:08:00
416,Login,2025-04-01 09:56:00
416,View_Content,2025-04-01 10:01:00
416,Attempt_Quiz,2025-04-01 10:05:00
416,Logout,2025-04-01 10:06:00
417,Login,2025-04-01 14:06:00
417,View_Content,2025-04-01 14:10:00
417,Attempt_Quiz,2025-04-01 14:11:00
417,Submit_Quiz,2025-04-01 14:21:00
417,Logout,2025-04-01 14:25:00
418,Login,2025-04-01 11:00:00
418,Attempt_Quiz,2025-04-01 11:04:00
418,Submit_Quiz,2025-04-01 11:16:00
418,Logout,2025-04-01 11:17:00
419,Login,2025-04-01 14:36:00
419,View_Content,2025-04-01 14:40:00
419,Attempt_Quiz,2025-04-01 14:42:00
419,Submit_Quiz,2025-04-01 14:53:00
419,Logout,2025-04-01 14:55:00
420,Login,2025-04-01 16:58:00
420,View_Content,2025-04-01 17:05:00
420,Attempt_Quiz,2025-04-01 17:06:00
420,Submit_Quiz,2025-04-01 17:12:00
420,Logout,2025-04-01 17:14:00
421,Login,2025-04-01 11:38:00
421,Attempt_Quiz,2025-04-01 11:40:00
421,Submit_Quiz,2025-04-01 11:47:00
421,Logout,2025-04-01 11:48:00
422,Login,2025-04-01 13:08:00
422,View_Content,2025-04-01 13:17:00
422,Attempt_Quiz,2025-04-01 13:18:00
422,Submit_Quiz,2025-04-01 13:28:00
422,Logout,2025-04-01 13:30:00
423,Login,2025-04-01 13:27:00
423,View_Content,2025-04-01 13:28:00
423,Attempt_Quiz,2025-04-01 13:32:00
423,Logout,2025-04-01 13:33:00
424,Login,2025-04-01 08:46:00
424,View_Content,2025-04-01 08:54:00
424,Attempt_Quiz,2025-04-01 08:57:00
424,Logout,2025-04-01 08:59:00
425,Login,2025-04-01 11:04:00
425,Attempt_Quiz,2025-04-01 11:06:00
425,Submit_Quiz,2025-04-01 11:10:00
425,Logout,2025-04-01 11:13:00
426,Login,2025-04-01 14:24:00
426,View_Content,2025-04-01 14:33:00
426,Attempt_Quiz,2025-04-01 14:37:00
426,Submit_Quiz,2025-04-01 14:41:00
426,Logout,2025-04-01 14:42:00
427,Login,2025-04-01 09:35:00
427,View_Content,2025-04-01 09:41:00
427,Attempt_Quiz,2025-04-01 09:45:00
427,Submit_Quiz,2025-04-01 09:49:00
427,Logout,2025-04-01 09:52:00
428,Login,2025-04-01 12:47:00
428,Attempt_Quiz,2025-04-01 12:48:00
428,Logout,2025-04-01 12:50:00
429,Login,2025-04-01 14:00:00
429,View_Content,2025-04-01 14:04:00
429,Attempt_Quiz,2025-04-01 14:06:00
429,Submit_Quiz,2025-04-01 14:16:00
429,Logout,2025-04-01 14:19:00
430,Login,2025-04-01 17:58:00
430,View_Content,2025-04-01 18:00:00
430,Attempt_Quiz,2025-04-01 18:03:00
430,Submit_Quiz,2025-04-01 18:14:00
430,Logout,2025-04-01 18:17:00
431,Login,2025-04-01 17:11:00
431,View_Content,2025-04-01 17:19:00
431,Attempt_Quiz,2025-04-01 17:21:00
431,Logout,2025-04-01 17:22:00
432,Login,2025-04-01 17:17:00
432,Attempt_Quiz,2025-04-01 17:19:00
432,Submit_Quiz,2025-04-01 17:30:00
432,Logout,2025-04-01 17:31:00
433,Login,2025-04-01 12:02:00
433,Attempt_Quiz,2025-04-01 12:05:00
433,Submit_Quiz,2025-04-01 12:17:00
433,Logout,2025-04-01 12:19:00
434,Login,2025-04-01 17:20:00
434,View_Content,2025-04-01 17:24:00
434,Logout,2025-04-01 17:25:00
435,Login,2025-04-01 14:05:00
435,View_Content,2025-04-01 14:14:00
435,Attempt_Quiz,2025-04-01 14:17:00
435,Submit_Quiz,2025-04-01 14:30:00
435,Logout,2025-04-01 14:31:00
436,Login,2025-04-01 12:45:00
436,View_Content,2025-04-01 12:46:00
436,Attempt_Quiz,2025-04-01 12:47:00
436,Submit_Quiz,2025-04-01 12:50:00
436,Logout,2025-04-01 12:54:00
437,Login,2025-04-01 16:27:00
437,View_Content,2025-04-01 16:36:00
437,Attempt_Quiz,2025-04-01 16:37:00
437,Submit_Quiz,2025-04-01 16:39:00
437,Logout,2025-04-01 16:43:00
438,Login,2025-04-01 15:08:00
438,Logout,2025-04-01 15:11:00
439,Login,2025-04-01 13:35:00
439,View_Content,2025-04-01 13:38:00
439,Attempt_Quiz,2025-04-01 13:40:00
439,Submit_Quiz,2025-04-01 13:46:00
439,Logout,2025-04-01 13:48:00
440,Login,2025-04-01 12:22:00
440,View_Content,2025-04-01 12:24:00
440,Attempt_Quiz,2025-04-01 12:28:00
440,Submit_Quiz,2025-04-01 12:42:00
440,Logout,2025-04-01 12:45:00
441,Login,2025-04-01 15:34:00
441,View_Content,2025-04-01 15:39:00
441,Attempt_Quiz,2025-04-01 15:43:00
441,Submit_Quiz,2025-04-01 15:52:00
441,Logout,2025-04-01 15:54:00
442,Login,2025-04-01 10:41:00
442,Attempt_Quiz,2025-04-01 10:45:00
442,Submit_Quiz,2025-04-01 10:55:00
442,Logout,2025-04-01 10:58:00
443,Login,2025-04-01 15:34:00
443,View_Content,2025-04-01 15:42:00
443,Attempt_Quiz,2025-04-01 15:43:00
443,Submit_Quiz,2025-04-01 15:45:00
443,Logout,2025-04-01 15:48:00
444,Login,2025-04-01 16:03:00
444,View_Content,2025-04-01 16:12:00
444,Logout,2025-04-01 16:14:00
445,Login,2025-04-01 12:29:00
445,View_Content,2025-04-01 12:36:00
445,Attempt_Quiz,2025-04-01 12:39:00
445,Submit_Quiz,2025-04-01 12:42:00
445,Logout,2025-04-01 12:46:00
446,Login,2025-04-01 16:46:00
446,View_Content,2025-04-01 16:54:00
446,Attempt_Quiz,2025-04-01 16:55:00
446,Submit_Quiz,2025-04-01 17:01:00
446,Logout,2025-04-01 17:04:00
447,Login,2025-04-01 13:10:00
447,View_Content,2025-04-01 13:11:00
447,Attempt_Quiz,2025-04-01 13:14:00
447,Submit_Quiz,2025-04-01 13:20:00
447,Logout,2025-04-01 13:23:00
448,Login,2025-04-01 15:45:00
448,View_Content,2025-04-01 15:52:00
448,Attempt_Quiz,2025-04-01 15:56:00
448,Submit_Quiz,2025-04-01 16:02:00
448,Logout,2025-04-01 16:04:00
449,Login,2025-04-01 09:55:00
449,View_Content,2025-04-01 09:59:00
449,Logout,2025-04-01 10:00:00
450,Login,2025-04-01 10:19:00
450,View_Content,2025-04-01 10:21:00
450,Attempt_Quiz,2025-04-01 10:23:00
450,Submit_Quiz,2025-04-01 10:35:00
450,Logout,2025-04-01 10:38:00
451,Login,2025-04-01 11:18:00
451,View_Content,2025-04-01 11:21:00
451,Attempt_Quiz,2025-04-01 11:22:00
451,Submit_Quiz,2025-04-01 11:28:00
451,Logout,2025-04-01 11:32:00
452,Login,2025-04-01 14:29:00
452,Attempt_Quiz,2025-04-01 14:33:00
452,Submit_Quiz,2025-04-01 14:44:00
452,Logout,2025-04-01 14:45:00
453,Login,2025-04-01 10:27:00
453,View_Content,2025-04-01 10:34:00
453,Attempt_Quiz,2025-04-01 10:38:00
453,Submit_Quiz,2025-04-01 10:40:00
453,Logout,2025-04-01 10:41:00
454,Login,2025-04-01 11:29:00
454,View_Content,2025-04-01 11:30:00
454,Attempt_Quiz,2025-04-01 11:34:00
454,Submit_Quiz,2025-04-01 11:47:00
454,Logout,2025-04-01 11:49:00
455,Login,2025-04-01 15:01:00
455,View_Content,2025-04-01 15:07:00
455,Attempt_Quiz,2025-04-01 15:11:00
455,Submit_Quiz,2025-04-01 15:23:00
455,Logout,2025-04-01 15:27:00
456,Login,2025-04-01 13:07:00
456,View_Content,2025-04-01 13:14:00
456,Attempt_Quiz,2025-04-01 13:16:00
456,Submit_Quiz,2025-04-01 13:25:00
456,Logout,2025-04-01 13:27:00
457,Login,2025-04-01 10:55:00
457,View_Content,2025-04-01 10:57:00
457,Attempt_Quiz,2025-04-01 11:00:00
457,Submit_Quiz,2025-04-01 11:13:00
457,Logout,2025-04-01 11:14:00
458,Login,2025-04-01 17:42:00
458,View_Content,2025-04-01 17:44:00
458,Attempt_Quiz,2025-04-01 17:47:00
458,Logout,2025-04-01 17:51:00
459,Login,2025-04-01 15:20:00
459,View_Content,2025-04-01 15:23:00
459,Attempt_Quiz,2025-04-01 15:24:00
459,Submit_Quiz,2025-04-01 15:29:00
459,Logout,2025-04-01 15:33:00
460,Login,2025-04-01 14:40:00
460,Attempt_Quiz,2025-04-01 14:43:00
460,Logout,2025-04-01 14:46:00
461,Login,2025-04-01 08:27:00
461,Attempt_Quiz,2025-04-01 08:28:00
461,Submit_Quiz,2025-04-01 08:32:00
461,Logout,2025-04-01 08:33:00
462,Login,2025-04-01 12:31:00
462,Attempt_Quiz,2025-04-01 12:34:00
462,Logout,2025-04-01 12:35:00
463,Login,2025-04-01 15:30:00
463,View_Content,2025-04-01 15:38:00
463,Attempt_Quiz,2025-04-01 15:41:00
463,Submit_Quiz,2025-04-01 15:48:00
463,Logout,2025-04-01 15:52:00
464,Login,2025-04-01 14:19:00
464,View_Content,2025-04-01 14:27:00
464,Attempt_Quiz,2025-04-01 14:31:00
464,Submit_Quiz,2025-04-01 14:45:00
464,Logout,2025-04-01 14:49:00
465,Login,2025-04-01 16:52:00
465,View_Content,2025-04-01 16:53:00
465,Attempt_Quiz,2025-04-01 16:55:00
465,Logout,2025-04-01 16:57:00
466,Login,2025-04-01 10:28:00
466,Attempt_Quiz,2025-04-01 10:30:00
466,Submit_Quiz,2025-04-01 10:40:00
466,Logout,2025-04-01 10:41:00
467,Login,2025-04-01 14:07:00
467,Attempt_Quiz,2025-04-01 14:11:00
467,Logout,2025-04-01 14:15:00
468,Login,2025-04-01 14:08:00
468,View_Content,2025-04-01 14:10:00
468,Attempt_Quiz,2025-04-01 14:11:00
468,Submit_Quiz,2025-04-01 14:14:00
468,Logout,2025-04-01 14:16:00
469,Login,2025-04-01 08:08:00
469,View_Content,2025-04-01 08:09:00
469,Attempt_Quiz,2025-04-01 08:13:00
469,Submit_Quiz,2025-04-01 08:22:00
469,Logout,2025-04-01 08:23:00
470,Login,2025-04-01 11:36:00
470,View_Content,2025-04-01 11:43:00
470,Attempt_Quiz,2025-04-01 11:47:00
470,Submit_Quiz,2025-04-01 11:55:00
470,Logout,2025-04-01 11:56:00
471,Login,2025-04-01 09:25:00
471,Attempt_Quiz,2025-04-01 09:27:00
471,Logout,2025-04-01 09:28:00
472,Login,2025-04-01 10:03:00
472,Logout,2025-04-01 10:04:00
473,Login,2025-04-01 11:48:00
473,Attempt_Quiz,2025-04-01 11:52:00
473,Submit_Quiz,2025-04-01 12:06:00
473,Logout,2025-04-01 12:09:00
474,Login,2025-04-01 12:16:00
474,View_Content,2025-04-01 12:20:00
474,Attempt_Quiz,2025-04-01 12:23:00
474,Submit_Quiz,2025-04-01 12:27:00
474,Logout,2025-04-01 12:28:00
475,Login,2025-04-01 17:29:00
475,Attempt_Quiz,2025-04-01 17:33:00
475,Submit_Quiz,2025-04-01 17:40:00
475,Logout,2025-04-01 17:42:00
476,Login,2025-04-01 08:57:00
476,View_Content,2025-04-01 08:59:00
476,Attempt_Quiz,2025-04-01 09:00:00
476,Submit_Quiz,2025-04-01 09:06:00
476,Logout,2025-04-01 09:07:00
477,Login,2025-04-01 15:42:00
477,Attempt_Quiz,2025-04-01 15:46:00
477,Logout,2025-04-01 15:47:00
478,Login,2025-04-01 08:58:00
478,View_Content,2025-04-01 09:02:00
478,Attempt_Quiz,2025-04-01 09:04:00
478,Submit_Quiz,2025-04-01 09:17:00
478,Logout,2025-04-01 09:21:00
479,Login,2025-04-01 11:25:00
479,View_Content,2025-04-01 11:34:00
479,Logout,2025-04-01 11:38:00
480,Login,2025-04-01 08:22:00
480,View_Content,2025-04-01 08:27:00
480,Attempt_Quiz,2025-04-01 08:28:00
480,Submit_Quiz,2025-04-01 08:42:00
480,Logout,2025-04-01 08:45:00
481,Login,2025-04-01 12:33:00
481,Attempt_Quiz,2025-04-01 12:35:00
481,Submit_Quiz,2025-04-01 12:42:00
481,Logout,2025-04-01 12:44:00
482,Login,2025-04-01 12:49:00
482,View_Content,2025-04-01 12:56:00
482,Attempt_Quiz,2025-04-01 12:57:00
482,Submit_Quiz,2025-04-01 13:02:00
482,Logout,2025-04-01 13:05:00
483,Login,2025-04-01 12:25:00
483,View_Content,2025-04-01 12:34:00
483,Attempt_Quiz,2025-04-01 12:37:00
483,Submit_Quiz,2025-04-01 12:43:00
483,Logout,2025-04-01 12:45:00
484,Login,2025-04-01 16:38:00
484,View_Content,2025-04-01 16:40:00
484,Attempt_Quiz,2025-04-01 16:41:00
484,Submit_Quiz,2025-04-01 16:54:00
484,Logout,2025-04-01 16:55:00
485,Login,2025-04-01 09:34:00
485,View_Content,2025-04-01 09:41:00
485,Attempt_Quiz,2025-04-01 09:45:00
485,Submit_Quiz,2025-04-01 09:50:00
485,Logout,2025-04-01 09:51:00
486,Login,2025-04-01 10:30:00
486,View_Content,2025-04-01 10:34:00
486,Attempt_Quiz,2025-04-01 10:38:00
486,Submit_Quiz,2025-04-01 10:48:00
486,Logout,2025-04-01 10:49:00
487,Login,2025-04-01 14:25:00
487,View_Content,2025-04-01 14:31:00
487,Attempt_Quiz,2025-04-01 14:33:00
487,Submit_Quiz,2025-04-01 14:42:00
487,Logout,2025-04-01 14:45:00
488,Login,2025-04-01 13:26:00
488,View_Content,2025-04-01 13:30:00
488,Logout,2025-04-01 13:32:00
489,Login,2025-04-01 17:11:00
489,View_Content,2025-04-01 17:14:00
489,Attempt_Quiz,2025-04-01 17:18:00
489,Submit_Quiz,2025-04-01 17:25:00
489,Logout,2025-04-01 17:27:00
490,Login,2025-04-01 09:18:00
490,View_Content,2025-04-01 09:23:00
490,Attempt_Quiz,2025-04-01 09:25:00
490,Submit_Quiz,2025-04-01 09:33:00
490,Logout,2025-04-01 09:37:00
491,Login,2025-04-01 09:40:00
491,Attempt_Quiz,2025-04-01 09:42:00
491,Submit_Quiz,2025-04-01 09:53:00
491,Logout,2025-04-01 09:55:00
492,Login,2025-04-01 09:09:00
492,View_Content,2025-04-01 09:16:00
492,Attempt_Quiz,2025-04-01 09:18:00
492,Submit_Quiz,2025-04-01 09:24:00
492,Logout,2025-04-01 09:28:00
493,Login,2025-04-01 11:27:00
493,View_Content,2025-04-01 11:33:00
493,Attempt_Quiz,2025-04-01 11:37:00
493,Submit_Quiz,2025-04-01 11:50:00
493,Logout,2025-04-01 11:53:00
494,Login,2025-04-01 17:17:00
494,View_Content,2025-04-01 17:18:00
494,Attempt_Quiz,2025-04-01 17:19:00
494,Submit_Quiz,2025-04-01 17:32:00
494,Logout,2025-04-01 17:34:00
495,Login,2025-04-01 14:01:00
495,View_Content,2025-04-01 14:03:00
495,Attempt_Quiz,2025-04-01 14:07:00
495,Logout,2025-04-01 14:11:00
496,Login,2025-04-01 11:04:00
496,Logout,2025-04-01 11:07:00
497,Login,2025-04-01 16:39:00
497,View_Content,2025-04-01 16:48:00
497,Attempt_Quiz,2025-04-01 16:50:00
497,Submit_Quiz,2025-04-01 16:55:00
497,Logout,2025-04-01 16:57:00
498,Login,2025-04-01 17:52:00
498,View_Content,2025-04-01 17:59:00
498,Attempt_Quiz,2025-04-01 18:00:00
498,Submit_Quiz,2025-04-01 18:10:00
498,Logout,2025-04-01 18:14:00
499,Login,2025-04-01 08:36:00
499,View_Content,2025-04-01 08:43:00
499,Attempt_Quiz,2025-04-01 08:45:00
499,Submit_Quiz,2025-04-01 08:57:00
499,Logout,2025-04-01 08:59:00
500,Login,2025-04-01 12:22:00
500,View_Content,2025-04-01 12:25:00
500,Attempt_Quiz,2025-04-01 12:29:00
500,Logout,2025-04-01 12:31:00
